"";"gkz";"pct";"tkgr";"rurb";"Summe"
"1";10101;4448,96;54,9620466685409;2;482
"2";10201;3454,77;42,1407907425265;3;55
"3";10301;7509,63;45,7657657657658;3;117
"4";10302;3048,38;50,7082152974504;3;46
"5";10303;3246,75;52,8533801580334;2;55
"6";10304;3941,91;41,2895226286423;3;95
"7";10305;2,41;37,0607028753994;3;21
"8";10306;2,68;62,2317596566524;3;26
"9";10307;2534,44;40,8748114630468;3;46
"10";10308;2740,94;46,4788732394366;2;31
"11";10309;3995,48;38,9130434782609;2;106
"12";10310;2574,53;43,8612099644128;3;38
"13";10311;3048,18;45,1831750339213;3;31
"14";10312;3846,15;51,3358778625954;3;91
"15";10313;3381,01;52,0731707317073;3;78
"16";10314;3429,6;53,6702767749699;3;38
"17";10315;4507,29;32,9595015576324;3;102
"18";10316;5034,32;39,8789509078682;3;110
"19";10317;4075,43;43,459174714662;3;67
"20";10318;3287,89;48,8676996424315;3;41
"21";10319;3989,18;50,1364877161055;3;59
"22";10320;5,39;45,3900709219858;3;22
"23";10321;2,97;48,4848484848485;3;19
"24";10322;4,97;44,0384615384615;3;38
"25";10323;3,05;45,0511945392491;3;25
"26";10401;2,22;36,3636363636364;3;15
"27";10402;2724,8;49,2084432717678;3;30
"28";10403;1,54;61,2704918032787;3;11
"29";10404;2,57;54,2713567839196;3;21
"30";10405;2945,21;51,2396694214876;3;86
"31";10406;3,7;56,4;3;27
"32";10407;1,4;59,375;3;9
"33";10408;2319,9;48,8646684831971;3;38
"34";10409;3,59;50,3508771929825;3;30
"35";10410;2,26;31,3207547169811;3;9
"36";10411;1625,32;32,1909424724602;3;19
"37";10412;3,76;47,1048513302034;3;30
"38";10413;1,73;54,4407894736842;3;14
"39";10414;2057,42;43,8034188034188;3;43
"40";10415;1,82;40,7751937984496;3;17
"41";10416;1,74;62,5;3;13
"42";10417;2350,81;55,5694618272841;3;26
"43";10418;2,34;56,2189054726368;3;7
"44";10419;1,49;49,8257839721254;3;6
"45";10420;1,9;59,4594594594595;3;4
"46";10421;0,77;35,8974358974359;3;2
"47";10422;0;48,0916030534351;3;0
"48";10423;9,09;29,7297297297297;3;5
"49";10424;0,52;43,7086092715232;3;1
"50";10425;1,21;49,1666666666667;3;4
"51";10426;2,32;69,4835680751174;3;6
"52";10427;3,2;33,5793357933579;3;12
"53";10428;1,24;63,6363636363636;3;4
"54";10501;2674,9;44,0803382663848;3;39
"55";10502;4,25;45,6439393939394;3;33
"56";10503;2,91;46,7948717948718;3;28
"57";10504;2740,12;50,0674157303371;3;95
"58";10505;3,64;43,338683788122;3;32
"59";10506;2,65;42,03125;3;24
"60";10507;2,14;53,3468559837728;3;16
"61";10508;2598,81;51,2174643157011;3;48
"62";10509;2536,87;51,4741035856574;3;43
"63";10510;1,84;50;3;11
"64";10511;3,55;44,7427293064877;3;22
"65";10512;3,95;33,7662337662338;3;13
"66";10601;2,58;30,4700162074554;3;24
"67";10602;2878,65;47,5524475524476;3;65
"68";10603;5,69;31,858407079646;3;43
"69";10604;2,81;29,9559471365639;3;27
"70";10605;2402,96;48,6486486486487;2;39
"71";10606;2965,15;45,7000524383849;2;171
"72";10607;3602,31;38,8066202090592;2;125
"73";10608;3,47;52,4296675191816;2;22
"74";10609;4106,78;44,1279069767442;3;100
"75";10610;2233,84;43,9817826935589;2;47
"76";10611;5215,42;48,1989708404803;3;92
"77";10612;4173,19;36,0082304526749;3;80
"78";10613;1,01;45,5172413793103;3;10
"79";10614;5,36;40,6578947368421;3;51
"80";10615;2698,99;52,2539682539683;3;59
"81";10616;2,93;52,2105263157895;2;18
"82";10617;4,15;34,5776031434185;3;29
"83";10618;2392,82;52,3470839260313;2;24
"84";10619;1,88;51,7543859649123;3;9
"85";10701;2090,96;38,7029288702929;3;40
"86";10702;1955,67;47,1162377994676;3;30
"87";10703;3667,79;38,6499007279947;3;87
"88";10704;3,15;37,7581120943953;3;14
"89";10705;2761;42,7545691906005;3;64
"90";10706;2,6;43,1818181818182;3;25
"91";10707;3374,33;42,5959780621572;3;107
"92";10708;2262,73;52,1410579345088;3;36
"93";10709;2737,05;42,7944862155388;3;56
"94";10710;3159,56;47,0454545454545;3;40
"95";10711;1821,86;52,3326572008114;3;27
"96";10712;1791,53;51,9809825673534;3;33
"97";10713;5108,21;51,4249037227214;2;321
"98";10714;3694,78;38,4174311926606;3;46
"99";10715;3,3;53,0139103554869;3;28
"100";10716;1773,84;55,8139534883721;3;24
"101";10717;3177;35,5764473033152;3;105
"102";10718;3790,92;60,0796812749004;3;66
"103";10719;2570,92;50,517836593786;3;29
"104";10720;2,11;51,6778523489933;3;21
"105";10721;2881,24;39,3854748603352;3;41
"106";10722;5357,14;49,0815576781778;3;105
"107";10723;3727,87;41,7974322396576;3;40
"108";10724;2970,89;33,30658105939;3;50
"109";10725;2,67;47,9695431472081;3;15
"110";10726;3,26;35,625;3;14
"111";10727;2,21;63,7393767705383;3;11
"112";10801;2600;52,5626423690205;3;65
"113";10802;3350,97;52,3980815347722;3;38
"114";10803;2,87;55,2631578947368;3;26
"115";10804;2631,58;54,6365914786967;3;30
"116";10805;1296,04;48,9262371615313;3;19
"117";10806;4,68;39,3258426966292;3;23
"118";10807;2119,46;40,3114186851211;3;33
"119";10808;2,58;43,317230273752;3;24
"120";10809;2125,08;47,1223021582734;3;35
"121";10810;4,03;49,2307692307692;3;28
"122";10811;1374,57;43,1082331174838;3;20
"123";10812;3,34;46,3768115942029;3;33
"124";10813;1353,28;52,5967894239849;3;19
"125";10814;3,29;31,3837375178317;3;29
"126";10815;1727,12;56,1797752808989;3;20
"127";10816;3142,4;50,7670850767085;3;79
"128";10817;2917,58;58,3665338645418;3;40
"129";10818;3,8;45,5743879472693;3;27
"130";10819;2,15;43,4599156118143;3;16
"131";10820;2,93;39,3129770992366;3;22
"132";10821;4347,83;51,5964240102171;3;45
"133";10822;3130,59;42,487684729064;3;35
"134";10823;2939,21;32,9690346083789;3;44
"135";10824;2,27;37,1601208459215;3;11
"136";10825;2,53;44,3569553805774;3;13
"137";10826;2,28;56,1151079136691;3;12
"138";10827;4,36;43,3628318584071;3;12
"139";10828;2,59;43,3467741935484;3;17
"140";10901;5205,05;48,5294117647059;3;66
"141";10902;3941,44;39,5748160261652;3;70
"142";10903;2,8;55,7083906464924;3;26
"143";10904;2184,24;34,6055979643766;3;23
"144";10905;2584,7;40,5882352941176;3;74
"145";10906;2,56;47,5113122171946;3;16
"146";10907;3127,51;30,4498269896194;3;39
"147";10908;2197,8;44,6735395189003;3;26
"148";10909;4,41;41,1764705882353;3;41
"149";10910;1990,52;40,5832320777643;3;21
"150";10911;3,52;41,1174785100287;3;35
"151";10912;3884,8;43,3636363636364;3;58
"152";10913;1,81;45,8333333333333;3;10
"153";10914;896,19;45,6175298804781;3;12
"154";10915;1,66;38,7301587301587;3;14
"155";10916;3969,96;47,6153244722439;3;74
"156";10917;2771,89;44,3165467625899;2;157
"157";10918;3356,74;39,8725212464589;2;153
"158";10919;1874,22;38,393421884883;3;45
"159";10920;2613,89;28,6839145106862;2;35
"160";10921;3703,7;41,2571428571429;3;43
"161";10922;3,53;56,140350877193;3;19
"162";10923;2342,79;40,8719346049046;3;38
"163";10924;3,01;43,969465648855;3;25
"164";10925;2,42;49,1525423728814;3;16
"165";10926;2,19;50,0934579439252;3;15
"166";10927;1,95;46,0431654676259;3;19
"167";10928;3094,61;44,2893401015228;3;35
"168";10929;1,94;38,1443298969072;3;13
"169";10930;2,18;43,1111111111111;3;13
"170";10931;1,63;53,4391534391534;3;4
"171";10932;2,94;46;3;6
"172";20101;4,18;45,7944801087109;1;3,077
"173";20201;3,28;41,0865176101099;2;1,461
"174";20302;3036,24;55,9006211180124;3;31
"175";20305;2898,82;44,5165094339623;3;157
"176";20306;2141,84;52,322206095791;3;45
"177";20307;2666,67;54,816656308266;3;72
"178";20316;2321,98;48,9916963226572;3;30
"179";20320;2,5;42,4615384615385;3;24
"180";20321;3380,28;70,6777316735823;3;36
"181";20402;2527,08;38,6575826394146;3;161
"182";20403;3751,28;41,733690795353;3;73
"183";20405;2589,82;38,2155907429963;3;142
"184";20409;2698,15;49,9644633972992;3;64
"185";20412;4334,37;49,9549143372408;3;84
"186";20414;4408,06;46,9548133595285;3;105
"187";20415;6736,92;51,6044531761624;3;179
"188";20416;4502,05;51,1037527593819;3;66
"189";20417;3795,55;48,0097481722177;3;75
"190";20418;4404,31;49,6103896103896;3;139
"191";20419;4300,23;54,3191800878477;3;55
"192";20421;3103,16;46,015037593985;3;111
"193";20424;4932,74;58,4197924980048;3;110
"194";20425;2639,75;46,9248291571754;3;68
"195";20428;3,01;40,8396946564886;3;26
"196";20432;2352,94;48,9086499595796;3;46
"197";20435;2429,38;45,4265159301131;3;43
"198";20441;2,98;46,984126984127;3;15
"199";20442;3278,1;45,7359813084112;3;91
"200";20501;2604,58;39,7977941176471;3;99
"201";20502;1705,57;41,0518626734843;3;38
"202";20503;0,81;34,320987654321;3;6
"203";20504;2731,71;45,531197301855;3;28
"204";20505;2741,36;42,433234421365;3;115
"205";20506;1,94;44,987146529563;3;13
"206";20508;2395,21;43,6185133239832;3;24
"207";20509;2579,03;43,0727023319616;3;31
"208";20511;1023,89;28,5511363636364;3;12
"209";20512;2347,72;47,5504322766571;3;37
"210";20513;2263,37;42,5925925925926;3;33
"211";20515;3244,06;38,6723507917174;3;86
"212";20518;2199,14;46,9314079422383;3;36
"213";20519;3,23;33,5664335664336;3;27
"214";20520;2811,62;41,4634146341463;3;30
"215";20523;2906,57;40,7858328721638;3;84
"216";20527;2982,15;40,0075987841945;2;289
"217";20530;2781,14;45,8490566037736;3;46
"218";20531;1174,4;43,7325905292479;3;20
"219";20534;3123,92;45,3141640042599;3;90
"220";20601;3897,12;45,253164556962;3;50
"221";20602;2141,47;36,3128491620112;3;33
"222";20603;1341;61,5501519756839;3;14
"223";20604;1825,1;53,3420707732634;3;24
"224";20605;2854,42;51,4809590973202;3;30
"225";20607;1,88;47,2759226713532;3;18
"226";20608;3275,62;42,7811550151976;3;70
"227";20609;3815,69;44,4839857651246;3;53
"228";20610;2,36;57,6200417536534;3;19
"229";20611;1735,9;48,9700374531835;3;28
"230";20613;2,5;42,09726443769;3;24
"231";20616;2820,87;40,7239819004525;3;40
"232";20618;5,82;40,4358353510896;3;36
"233";20619;1469,69;40,8296943231441;3;24
"234";20620;3266,79;52,7954256670902;3;90
"235";20622;1,47;59,367396593674;3;10
"236";20624;1,58;25,748502994012;3;13
"237";20625;2,59;53,0782029950083;3;25
"238";20627;2440,41;48,9795918367347;3;43
"239";20630;2204,03;39,7117117117117;3;105
"240";20631;1196,71;41,6116248348745;3;16
"241";20632;2722,94;52,1421107628004;3;40
"242";20633;1160,54;38,7878787878788;3;12
"243";20634;3624,16;48,14332247557;2;189
"244";20635;3075,34;41,0134721371709;2;358
"245";20636;1638,07;40,8450704225352;3;21
"246";20637;2066,87;41,6419386745796;3;34
"247";20638;2,11;49,3031358885017;3;20
"248";20639;4,17;57,8947368421053;3;26
"249";20640;2,73;46,7924528301887;3;27
"250";20642;1327,74;48,8344988344988;3;19
"251";20643;2830,19;41,7981072555205;3;63
"252";20644;2664,4;39,212175470009;3;47
"253";20701;2111,49;29,2372881355932;3;25
"254";20702;2488,04;36,9845766446333;3;130
"255";20703;814,48;37,65625;3;9
"256";20705;2721,09;32,4924318869828;3;48
"257";20707;2,72;54,8484848484848;3;14
"258";20708;4,85;40,7063197026022;3;43
"259";20710;2144,93;34,1269841269841;3;37
"260";20711;2966,94;44,6044810242341;3;210
"261";20712;2726,39;34,0548340548341;3;28
"262";20713;1,23;46,6346153846154;3;8
"263";20719;3713,82;40,0659521846661;3;68
"264";20720;2664,15;42,8286852589641;3;127
"265";20721;3965,05;42,7609427609428;3;59
"266";20722;3222,06;37,3563218390805;3;111
"267";20723;1601,83;37,7224199288256;3;21
"268";20724;3709,86;42,5615763546798;3;134
"269";20725;2963,07;46,2940162521546;3;207
"270";20726;2102,23;37,0044052863436;3;51
"271";20727;3409,09;41,0989010989011;2;147
"272";20801;2467,49;47,1372984991662;3;74
"273";20802;0,94;42,9561200923788;3;6
"274";20803;1984,04;40,9651285663966;3;92
"275";20804;3088,15;34,1614906832298;3;55
"276";20805;3167,96;43,6083408884859;3;53
"277";20806;1813,11;49,8371335504886;3;26
"278";20807;2562,11;42,0326223337516;3;33
"279";20808;1676,38;51,792828685259;3;46
"280";20810;1,38;45,4166666666667;3;12
"281";20812;1750,2;39,348710990502;3;22
"282";20813;2639,13;46,6477809254013;3;92
"283";20815;2837,75;42,110762800418;3;46
"284";20817;2094,42;42,3003072196621;3;181
"285";20901;1545,38;44,7450110864745;3;55
"286";20905;1260,72;45,3038674033149;3;25
"287";20909;1224,66;36,6255144032922;3;29
"288";20911;1,29;49,812030075188;3;10
"289";20912;1265,82;48,4167517875383;3;19
"290";20913;1522,53;39,6272783125128;3;125
"291";20914;1917,13;37,0478983382209;3;31
"292";20918;2180,34;42,2936893203884;3;59
"293";20923;1939,67;45,2254641909814;2;389
"294";21001;3,11;38,1052631578947;3;24
"295";21002;2951,22;42,1255591547123;2;337
"296";21003;2581,07;37,9032258064516;3;39
"297";21004;2,01;40,6130268199234;3;16
"298";21005;1752,46;43,0617726051925;3;32
"299";21006;4,82;48,2758620689655;3;27
"300";21007;2537;40,4280618311534;3;36
"301";21008;2725,72;38,6764705882353;3;32
"302";21009;3358,21;44,4314185228605;3;99
"303";21010;1439,39;49,2715231788079;3;19
"304";30101;4265,01;51,5216041167598;2;768
"305";30201;4,43;44,4167161814221;2;1,757
"306";30301;4739,34;60,2714477211796;2;420
"307";30401;3,22;42,376717014894;2;1,017
"308";30501;2798,83;62,8980891719745;3;48
"309";30502;3554,19;46,0081071554459;2;611
"310";30503;3853,01;61,0715979137032;3;108
"311";30504;3562,86;60,5888429752066;3;104
"312";30506;3923,02;54,9167927382753;3;106
"313";30507;3354,98;64,2181818181818;3;62
"314";30508;2994,79;36,8894601542416;2;69
"315";30509;4025,42;49,6031746031746;3;76
"316";30510;1964,64;66,7136812411848;3;20
"317";30511;3221,22;67,8698224852071;3;68
"318";30512;3708,7;66,7910447761194;3;55
"319";30514;4324,8;58,2417582417582;3;196
"320";30515;3040,54;50,2334267040149;3;90
"321";30516;2989,54;59,2243186582809;3;40
"322";30517;2447,73;41,0518626734843;2;48
"323";30520;2620,09;61,7842073538276;3;60
"324";30521;2591,28;62,722351121423;3;44
"325";30522;3757,42;60,8471074380165;3;57
"326";30524;3,63;57,2243346007605;3;25
"327";30526;3,64;61,2068965517241;3;16
"328";30527;3333,33;59,2423252775963;3;75
"329";30529;3564,73;48,1301939058172;3;76
"330";30530;3699,17;61,2583951926476;3;151
"331";30531;3646,68;41,8664553199921;2;270
"332";30532;5393,26;62,3867874267448;3;144
"333";30533;3965,91;44,3013829279924;2;121
"334";30534;1968,02;59,7356828193833;3;32
"335";30536;3638,06;63,4663341645885;3;39
"336";30538;3352,94;56,2264150943396;3;57
"337";30539;2632,99;65,1903651903652;3;49
"338";30541;4375,9;54,5454545454545;3;61
"339";30542;2376,49;68,0313588850174;3;38
"340";30543;4144,34;66,8855534709193;3;116
"341";30544;3346,72;66,1000944287063;3;50
"342";30601;4112,34;54,3650793650794;3;82
"343";30602;3040,32;58,1613508442777;3;46
"344";30603;5109,24;49,2182070882557;2;449
"345";30604;6,54;55,2738758207963;2;1,227
"346";30605;3009,51;39,8464586428925;2;193
"347";30607;3136,4;43,680332514642;2;258
"348";30608;2778,63;44,2257217847769;2;91
"349";30609;2,82;67,5196850393701;3;19
"350";30612;2920,83;37,2040586245772;2;38
"351";30613;5008,79;57,0536828963795;3;57
"352";30614;2450,59;55,3877139979859;3;31
"353";30615;2328,43;32,9944547134935;2;38
"354";30616;3025,94;49,3413173652695;3;42
"355";30618;3390,44;46,1988304093567;2;188
"356";30620;3145;43,3405639913232;2;113
"357";30621;2256,77;31,68;3;45
"358";30623;4545,45;49,7727272727273;2;160
"359";30625;6856,06;55,1904016692749;2;181
"360";30626;2667,67;43,4757337983144;3;142
"361";30627;4448,56;43,413597733711;3;96
"362";30629;3492,79;44,2887931034483;3;46
"363";30631;3655,51;50,2851711026616;2;59
"364";30633;2878,29;55,6858147713951;3;35
"365";30635;3,25;62,6785714285714;2;25
"366";30636;3400,74;53,9192399049881;2;37
"367";30637;4175,67;45,0145208131655;2;58
"368";30639;4239,7;39,4657798755632;2;566
"369";30641;3978,78;37,8016085790885;2;105
"370";30645;4076,92;48,8081725312145;3;53
"371";30646;1774,31;40,7450523864959;3;25
"372";30701;3,01;59,8245614035088;3;23
"373";30702;3787,88;48,3627204030227;3;45
"374";30703;4,71;51,9582245430809;3;23
"375";30704;3559,09;45,7720588235294;2;206
"376";30706;3091,19;46,782316731953;2;80
"377";30708;2736,1;62,5586854460094;3;31
"378";30709;3215,43;45,632798573975;3;50
"379";30710;2803,48;49,6746203904555;2;103
"380";30711;5648,96;49,4117647058824;3;84
"381";30712;2,82;59,1587516960651;3;28
"382";30713;3622,58;53,4426229508197;3;43
"383";30715;4,15;46,0490463215259;3;20
"384";30716;3355,24;39,367396593674;3;97
"385";30718;2,83;45,307917888563;3;27
"386";30719;2791,88;59,4755661501788;3;33
"387";30721;2251,88;51,2672811059908;3;27
"388";30722;4,1;63,0813953488372;3;38
"389";30724;2784,5;40,9991386735573;3;46
"390";30726;2812,1;54,322501532802;3;66
"391";30728;3,7;55,1312649164678;3;21
"392";30729;2794,12;40,1183431952663;3;76
"393";30730;2598,37;42,5200168563;3;105
"394";30731;5238,7;42,9258241758242;3;124
"395";30732;3483,83;44,6478873239437;2;196
"396";30733;3,18;32,7669902912621;2;20
"397";30734;3725,35;42,7927927927928;2;51
"398";30735;4167,72;50,742291587362;2;165
"399";30736;2961,14;43,7806072477963;2;48
"400";30737;3528,53;51,3661202185792;3;47
"401";30738;11,6;58,3333333333333;3;68
"402";30739;4102,56;38,7198321091291;2;64
"403";30740;3759,05;42,0920722859781;2;493
"404";30741;4394,76;42,2668240850059;2;57
"405";30801;8,11;70,3703703703704;3;12
"406";30802;8,65;67,5675675675676;3;9
"407";30803;3175,23;39,9077277970012;3;81
"408";30804;2758,62;50,8644222020018;3;40
"409";30805;2455,36;53,6;3;33
"410";30808;4399,58;45,7182640983987;2;292
"411";30810;1,87;45,7463884430177;3;17
"412";30811;2562,67;42,1528348397699;3;46
"413";30812;4,29;49,0234375;3;29
"414";30813;2,96;57,3116691285081;3;29
"415";30814;2500;51,5207373271889;3;39
"416";30817;3490,91;45,477146681966;2;288
"417";30819;5,36;47,2602739726027;3;12
"418";30821;3610,92;48,5237483953787;2;307
"419";30822;0;75;3;0
"420";30824;3834,81;56,8988173455979;3;39
"421";30825;2,51;55,9875583203733;3;23
"422";30826;1800;58,6608442503639;3;18
"423";30827;2090,26;34,0377358490566;3;44
"424";30828;2,75;64,3478260869565;3;21
"425";30829;2,73;55,4396423248882;3;25
"426";30830;2303,71;46,271637816245;3;49
"427";30831;2093,24;42,6583159359777;3;44
"428";30834;2,21;54,5918367346939;3;6
"429";30835;3011,47;41,0329985652798;3;63
"430";30836;2,65;42,8571428571429;3;19
"431";30838;3398,76;51,1409395973154;3;71
"432";30841;2961,5;57,0162481536189;3;30
"433";30842;2954,21;43,1870669745958;3;40
"434";30844;3310,85;50,8682328907048;3;54
"435";30845;1633,05;53,5367545076283;3;17
"436";30846;4,51;69,3693693693694;3;6
"437";30848;2276,87;51,5151515151515;3;25
"438";30849;2,1;64,3312101910828;3;9
"439";30850;988,14;41,8938307030129;3;10
"440";30852;2828,95;48,8826815642458;3;43
"441";30854;2,67;58,1239530988275;3;21
"442";30856;2724,87;40,7462370150519;2;206
"443";30857;2,22;61,6901408450704;3;22
"444";30858;1946,11;38,3957219251337;3;26
"445";30859;2,23;55,1440329218107;3;14
"446";30860;4376,22;46,4722483537159;3;67
"447";30863;1861,94;60,1094765651728;3;82
"448";30865;2,04;66,1596958174905;3;15
"449";30902;4,13;35,1301115241636;3;38
"450";30903;2964,12;36,7924528301887;3;38
"451";30904;3,7;55,860349127182;3;21
"452";30906;1,97;61,1413043478261;3;11
"453";30908;3315,46;47,2910216718266;2;136
"454";30909;3027,03;58,0294802172226;3;56
"455";30910;2880,29;58,0740740740741;3;32
"456";30912;7;70,2156334231806;3;69
"457";30913;4,01;51,3189448441247;3;24
"458";30915;1,78;57,2519083969466;3;7
"459";30916;2521,01;50,0503524672709;3;84
"460";30917;1,99;51,6949152542373;3;10
"461";30920;3929,77;52,3117569352708;3;47
"462";30921;2941,18;62,5994694960212;3;32
"463";30925;2507,84;57,8070175438597;3;48
"464";30929;2,1;66,7567567567568;3;11
"465";30932;2,86;61,1382113821138;3;26
"466";30935;3333,33;45,7688152682751;3;148
"467";30939;1,82;65,982905982906;3;15
"468";30940;4,58;68,5840707964602;3;45
"469";30942;3568,24;63,1276901004304;3;80
"470";31001;4,65;55,2058111380145;3;29
"471";31008;5852,2;58,2725060827251;3;137
"472";31009;3027,95;65,7397107897664;3;39
"473";31014;2,21;57,9970104633782;3;21
"474";31015;2382,62;54,8417132216015;3;34
"475";31016;1457,19;67,3543689320388;3;16
"476";31018;1912,78;50,5119453924915;3;25
"477";31019;2362,95;60,7242339832869;3;25
"478";31021;1853,57;59,9479843953186;3;20
"479";31022;4489,97;57,7298753789155;2;412
"480";31025;2,25;51,3513513513513;3;11
"481";31026;3926,38;62,607861936721;3;64
"482";31028;1875,62;62,7365356622999;3;19
"483";31033;2,47;50,7462686567164;3;21
"484";31035;3368,08;63,2972322503008;3;42
"485";31036;2209,13;60,0456621004566;3;30
"486";31037;4686,17;62,0705882352941;3;165
"487";31038;4,91;60,7329842931937;3;41
"488";31041;5,16;66,8582375478927;3;38
"489";31042;2,11;46,927374301676;3;17
"490";31043;2178,77;67,7444187836797;3;39
"491";31051;2594,1;57,2058823529412;3;51
"492";31052;3219,51;54,2430414120842;3;66
"493";31053;3194,19;57,6092680358083;3;88
"494";31101;5,16;59,8272138228942;3;34
"495";31102;2,16;71,7693836978131;3;15
"496";31103;1948,63;69,53125;3;22
"497";31104;2184,71;63,1428571428571;3;22
"498";31105;3768,93;58,1081081081081;3;107
"499";31106;3583,62;58,8504577822991;3;105
"500";31107;1769,09;66,0994764397906;3;19
"501";31109;4426,32;58,2109043421482;2;228
"502";31110;2018,5;67,3325499412456;3;24
"503";31111;2,49;74,4394618834081;3;15
"504";31113;2,92;66,5036674816626;3;17
"505";31114;2,92;60,8433734939759;3;22
"506";31117;3,16;67,7130044843049;3;19
"507";31119;4,69;75;3;21
"508";31120;1,8;64,7887323943662;3;16
"509";31121;1,62;64,0522875816993;3;11
"510";31123;4465,12;72,7979274611399;3;48
"511";31124;3376,44;52,4644030668127;3;47
"512";31129;2393,82;75,7948717948718;3;31
"513";31130;1,67;66,5882352941177;3;10
"514";31201;6790,29;57,5621687729311;2;249
"515";31202;3116,15;56,3524590163934;2;44
"516";31203;3744,75;64,6002317497103;3;98
"517";31204;3756,57;65,5099894847529;3;50
"518";31205;5675,37;65,1455546813533;3;100
"519";31206;4566,74;54,9517966695881;2;78
"520";31207;3997,52;58,0770896491988;3;129
"521";31208;2923,39;58,1048581048581;3;87
"522";31213;5416,02;52,4868901954553;2;524
"523";31214;8248,73;57,0117647058823;2;520
"524";31215;5,02;59,5930232558139;3;49
"525";31216;5504,12;55,9476173153874;3;214
"526";31224;1856,76;61,75;3;21
"527";31226;3148,85;59,7727272727273;3;99
"528";31227;6825,4;45,6026058631922;2;129
"529";31228;2,78;60,9046849757674;3;23
"530";31229;2712,82;45,6671251719395;3;29
"531";31230;4630,3;51,6628873771731;2;578
"532";31234;3790,32;61,2541993281075;3;47
"533";31235;5333,8;47,0753064798599;3;457
"534";31301;3,75;49,2625368731563;3;20
"535";31302;1,76;59,7402597402597;3;15
"536";31303;3665,41;58,1395348837209;3;39
"537";31304;5,01;66,2674650698603;3;35
"538";31308;4044,85;59,9447513812155;2;101
"539";31309;6472,35;56,6502463054187;3;151
"540";31310;2698,05;51,3348588863463;3;47
"541";31311;2875,2;58,9954337899543;3;91
"542";31315;4211,19;52,6086956521739;2;67
"543";31319;3,07;65,149359886202;3;29
"544";31321;2,8;59,4360086767896;3;18
"545";31322;5110,34;58,4696823869105;2;308
"546";31323;4452,36;54,2696629213483;3;50
"547";31324;1364,99;66,4147774979009;3;23
"548";31326;3,16;64,9305555555556;3;24
"549";31327;4542,25;59,7900262467192;2;129
"550";31330;2376,6;58,4788029925187;3;26
"551";31333;3483,31;46,9093406593407;3;72
"552";31336;2766,8;62,6116071428571;3;35
"553";31337;5033,76;58,2926829268293;2;82
"554";31338;3,46;64,031007751938;3;31
"555";31340;3,07;68,3658170914543;3;28
"556";31343;4533,84;54,4144144144144;3;71
"557";31344;4106,46;67,0403587443946;3;54
"558";31346;3161,76;61,6869918699187;3;43
"559";31347;4,35;65,7314629258517;3;30
"560";31350;2756,65;67,2043010752688;3;29
"561";31351;3846,15;63,5119726339795;3;46
"562";31355;5454,55;63,4408602150538;3;84
"563";31356;5,23;51,010101010101;3;43
"564";31401;2,62;63,4538152610442;3;11
"565";31402;5413,39;62,112676056338;3;55
"566";31403;4408,27;50;3;130
"567";31404;5106,38;40,8364083640836;3;60
"568";31405;3,35;57,2649572649573;3;28
"569";31406;2,49;65,4166666666667;3;17
"570";31407;5168,09;52,1301316808675;3;103
"571";31408;3,99;63,7450199203187;3;16
"572";31409;2,19;59,7647058823529;3;14
"573";31410;4109,59;54,8314606741573;3;51
"574";31411;3590,08;46,6275659824047;3;55
"575";31412;3383,71;47,7282752536392;3;103
"576";31413;3225,81;36,7721518987342;3;79
"577";31414;1957,07;58,0552907530982;3;31
"578";31502;2,58;65,1127819548872;3;25
"579";31503;2239,79;61,9402985074627;3;34
"580";31504;3,55;57,6974564926372;3;35
"581";31505;3148,81;50,328227571116;3;62
"582";31506;0,43;47,6331360946746;3;2
"583";31507;4028,56;53,8570417551309;3;79
"584";31508;4,03;56,3636363636364;2;35
"585";31509;2627,12;25,5181347150259;2;31
"586";31511;3218,73;55,3911205073996;3;44
"587";31513;1930,76;67,8609062170706;3;29
"588";31514;3677,17;65,1034482758621;3;77
"589";31515;2,98;69,6879643387816;3;26
"590";31516;4,81;42,5496688741722;2;40
"591";31517;3547,3;47,4811083123426;2;42
"592";31519;2838,83;43,6363636363636;3;31
"593";31520;4052,24;41,1058946270214;3;121
"594";31521;3363,32;64,5760743321719;3;86
"595";31522;4236,01;39,1408114558473;2;56
"596";31523;2,95;53,2803180914513;3;21
"597";31524;4416,71;56,7739520958084;3;184
"598";31525;1532,85;52,0316027088036;3;21
"599";31527;3026,4;45,9432048681542;3;47
"600";31528;2,2;58,2456140350877;3;18
"601";31530;3919,37;37,3626373626374;2;70
"602";31531;3001,88;45,307917888563;2;32
"603";31533;3745,44;46,3048498845266;2;113
"604";31534;1763,22;62,8464419475655;3;35
"605";31535;1,05;60,0924499229584;3;9
"606";31537;2437,7;62,3335943617854;3;45
"607";31539;3370,79;56,2867215041128;3;84
"608";31540;4218,18;53,7250786988457;3;58
"609";31541;2,43;65,252854812398;3;22
"610";31542;5,13;55,8464223385689;3;42
"611";31543;4,43;50,886524822695;3;36
"612";31546;1,45;65,0095602294455;3;13
"613";31549;3640,78;42,5344563552833;2;150
"614";31550;3168,32;59,2991913746631;3;32
"615";31551;2452,11;71,0300429184549;3;32
"616";31552;3196,07;47,1641791044776;3;52
"617";31553;3914,59;57,3033707865169;3;55
"618";31601;1,8;56,25;3;11
"619";31603;2598,27;55,8096980786825;3;39
"620";31604;1152,96;53,9717083786725;3;15
"621";31605;4527,94;52,25;3;47
"622";31606;1,5;65,4424040066778;3;13
"623";31608;8,5;78,2467532467532;3;34
"624";31609;3,3;74,6835443037975;3;23
"625";31611;4,24;72,3443223443223;3;31
"626";31612;2939,3;54,1249403910348;3;92
"627";31613;1,97;68,4867394695788;3;19
"628";31614;2834,91;58,035034272658;3;51
"629";31615;4410,44;48,105625717566;3;49
"630";31616;2,74;61,3803230543319;3;26
"631";31617;3247,23;52,8397565922921;3;44
"632";31620;0,75;43,8818565400844;3;5
"633";31621;3,31;67,8899082568807;3;25
"634";31622;2,88;55,5223880597015;3;27
"635";31627;4590,16;55,3166069295102;3;56
"636";31628;7268,37;52,8708133971292;3;91
"637";31629;3654,68;50,8670520231214;3;185
"638";31630;3749,33;57,177225340818;3;70
"639";31633;4395,49;53,9802631578947;2;409
"640";31634;2683,98;49,8762376237624;3;31
"641";31636;2,32;54,9407114624506;3;17
"642";31642;8,57;61,1796982167353;2;79
"643";31644;2561,12;62,7634660421546;3;110
"644";31645;2,33;33,9181286549708;3;20
"645";31646;1,49;66,1670235546039;3;10
"646";31649;2701,04;60,0713012477718;3;44
"647";31650;2162,57;62,2885572139304;3;29
"648";31651;5054,84;55,9202059202059;3;106
"649";31652;1,89;68,9969604863222;3;9
"650";31653;2297,94;69,4414019715225;3;29
"651";31654;3627,85;56,2809917355372;3;62
"652";31655;8615,17;61,3896665818274;2;484
"653";31658;2,57;80,23598820059;3;12
"654";31701;4033,77;45,6772334293948;3;43
"655";31702;4693,29;51,1504424778761;2;114
"656";31703;5784,06;54,0123456790123;2;270
"657";31704;5795,77;51,1762700306853;2;504
"658";31706;5801,53;57,2486772486772;3;76
"659";31707;6021,38;56,839422259983;2;107
"660";31709;6437,18;55,3953257086027;2;187
"661";31710;4953,11;45,8995276942894;2;338
"662";31711;5079,37;51,974386339381;2;64
"663";31712;5920,6;58,4194214876033;2;173
"664";31713;6245,18;48,4251968503937;3;162
"665";31714;12,68;64,5655877342419;3;113
"666";31715;4562,38;58,2671480144404;2;98
"667";31716;6610,69;61,3045610593428;2;433
"668";31717;6223,48;54,5503909643788;2;924
"669";31718;4422,82;48,6381322957198;3;100
"670";31719;7682,46;58,2828413046281;2;900
"671";31723;4051,57;42,0072115384615;2;220
"672";31725;5389,81;46,1264656616415;2;383
"673";31726;5139,57;55,0148367952522;3;116
"674";31801;1,38;72,4137931034483;3;4
"675";31802;4298,94;55,2093476144109;3;65
"676";31803;2268,31;62,4765478424015;3;35
"677";31804;3182,18;41,8756815703381;2;40
"678";31805;3,86;54;3;10
"679";31806;4,32;52,093023255814;3;13
"680";31807;4,07;63,6538461538461;3;30
"681";31808;4717,57;50,8181818181818;2;76
"682";31809;3,13;59,8116169544741;3;27
"683";31810;3949,69;44,7670492910196;2;179
"684";31811;2627,17;40,1593625498008;2;47
"685";31812;2752,29;52,9023746701847;3;30
"686";31813;2233,25;42,7696078431373;3;27
"687";31814;3148,43;63,1879914224446;3;63
"688";31815;2,29;60,790273556231;3;12
"689";31817;4215,12;56,687898089172;2;58
"690";31818;2685,62;43,2447604790419;2;238
"691";31820;5,23;50;3;25
"692";31821;5885,92;47,577519379845;3;97
"693";31823;4057,59;49,1361437456807;3;93
"694";31825;3,29;56,3786008230453;3;12
"695";31826;3291,25;44,6753246753247;3;73
"696";31827;4,22;64,5502645502645;3;10
"697";31829;3647,86;50,4693140794224;3;75
"698";31830;2,88;68,6274509803922;3;9
"699";31831;3221,81;51,4078110808356;3;52
"700";31832;3191,49;63,265306122449;3;51
"701";31833;1,93;52,4242424242424;3;10
"702";31834;3,23;56,7307692307692;3;10
"703";31835;3213,11;42,654028436019;3;49
"704";31836;0,83;46,8277945619335;3;4
"705";31837;3956,23;47,8543563068921;3;47
"706";31838;2,52;51,0548523206751;3;10
"707";31839;2929,76;38,9111824505083;2;332
"708";31840;1177,63;58,6387434554974;3;12
"709";31841;1,36;57,516339869281;3;6
"710";31842;3,94;55,2380952380952;3;5
"711";31843;3142,63;66,0152008686211;3;39
"712";31844;3900,98;59,3012275731822;3;52
"713";31845;5,84;51,8446601941748;3;46
"714";31846;3906,25;30,1480484522207;2;45
"715";31847;5053,6;51,6801853997683;3;66
"716";31848;2122,24;66,0249150622877;3;25
"717";31849;3,66;44,1904761904762;3;27
"718";31901;3525,91;53,0510585305106;3;83
"719";31902;3866,13;57,3455759599332;3;67
"720";31903;3984,96;53,1164383561644;3;159
"721";31904;5389,22;57,2519083969466;3;54
"722";31905;7878,09;57,606405394016;3;274
"723";31906;2659,91;61,6707616707617;3;42
"724";31907;2,99;63,6200716845878;3;23
"725";31909;2807,67;59,6774193548387;3;60
"726";31910;4083,15;57,0736434108527;3;55
"727";31911;2,45;50,6870229007634;3;23
"728";31912;4367,39;44,9501406289951;2;262
"729";31913;2720;53,4541336353341;3;34
"730";31915;4166,67;62,6865671641791;3;46
"731";31916;4550,63;54,1569541569542;3;80
"732";31917;4450,5;57,8409090909091;3;49
"733";31918;4059,18;61,7183251767265;3;107
"734";31919;5011,26;53,7567084078712;3;89
"735";31920;2,46;60,6837606837607;3;12
"736";31921;7052,36;57,3474470734745;2;167
"737";31922;4086,69;56,1677631578947;3;66
"738";31923;4,51;64,8698884758364;3;32
"739";31925;4886,27;59,5402298850575;3;58
"740";31926;6150,98;56,944099378882;2;396
"741";31927;3727,2;52,4163568773234;3;47
"742";31928;3825,5;58,5766423357664;3;57
"743";31929;3616,13;48,4552209620649;3;130
"744";31930;4817,99;58,75;3;90
"745";31932;5605,94;53,8181818181818;3;68
"746";31934;3617,02;57,9522862823062;3;102
"747";31935;2464,27;57,6607387140903;3;50
"748";31938;3,21;63,843648208469;3;27
"749";31939;2,81;58,8477366255144;3;9
"750";31940;4875,89;46,4;3;55
"751";31941;2,74;59,9078341013825;3;18
"752";31943;3307,35;45,6501970294028;2;157
"753";31945;3856,27;45,6683168316832;3;44
"754";31946;1621,62;61,9047619047619;3;18
"755";31947;3691,94;44,0933254577673;2;186
"756";31948;5061,35;50,3531073446328;3;99
"757";31949;6418,83;55,2328064929517;2;240
"758";31950;6954,69;57,5962539021852;2;198
"759";31951;6267,76;54,0510543840178;2;353
"760";31952;7664,91;51,7725598526704;2;538
"761";31953;7405,68;61,0021786492375;3;159
"762";31954;7896,74;56,5832426550598;3;104
"763";32001;2793,52;45,2863961813842;3;69
"764";32002;2584,13;60,1626016260163;3;43
"765";32003;3236,04;56,1420345489443;3;51
"766";32004;2164,86;74,0395809080326;3;26
"767";32005;2443,99;53,9944903581267;3;36
"768";32006;2363,18;70,2566964285714;3;57
"769";32007;3,02;47,8787878787879;3;7
"770";32008;3979,52;60,7937050975026;3;171
"771";32009;2046,2;73,0327144120248;3;31
"772";32010;3,16;68,2464454976303;3;26
"773";32011;1,36;66,1428571428572;3;13
"774";32012;1474,65;67,8704856787049;3;16
"775";32013;5780,01;60,7318161535029;3;196
"776";32014;4212,25;68,6142322097378;3;77
"777";32015;3811,25;65,8506731946144;3;42
"778";32016;3813,7;43,8075742067554;2;113
"779";32017;3365,38;55,6711758584808;3;91
"780";32018;4512,49;62,5914315569488;3;56
"781";32101;4907,98;50;3;80
"782";32104;2380,95;58,1538461538462;3;57
"783";32106;4259,85;55,2570990023024;3;80
"784";32107;2837,16;52,5129982668977;3;73
"785";32109;2,21;64,9063032367973;3;17
"786";32110;3054,6;54,1866666666667;3;80
"787";32112;3637,41;56,7340067340067;3;63
"788";32114;3548,28;58,1775700934579;3;104
"789";32115;3470,32;53,7157757496741;3;38
"790";32116;4253,06;53,3674963396779;3;80
"791";32119;3064,07;60,2513747054203;3;55
"792";32120;3673,63;62,9171817058096;3;95
"793";32131;3211,25;52,7040314650934;3;185
"794";32132;4606,74;54,0607054963085;3;82
"795";32134;4791,67;58,1656804733728;3;115
"796";32135;4561,11;56,0545100584036;2;543
"797";32139;4553,26;60,6879606879607;3;53
"798";32140;7191,39;50,3273322422259;2;127
"799";32141;3194,35;47,0306513409962;3;95
"800";32142;6490,5;54,2696354294103;2;393
"801";32143;5873,38;53,921568627451;2;77
"802";32144;5,85;57,3289183222958;2;1,176
"803";32202;2,1;30,3754266211604;3;19
"804";32203;3351,1;68,6600221483942;3;44
"805";32206;2606,18;59,6816976127321;3;27
"806";32207;2874,56;46,9571750563486;3;66
"807";32209;2359,64;61,6724738675958;3;29
"808";32210;2,14;64,1452344931921;3;20
"809";32212;2,88;69,2307692307692;3;22
"810";32214;3,57;61,5107913669065;3;28
"811";32216;2143,48;68,8157894736842;3;49
"812";32217;2201,52;60,5329949238579;3;26
"813";32219;3889,64;59,8544973544973;3;86
"814";32220;4775,53;58,3154121863799;3;217
"815";32221;3399,43;60,5932203389831;3;36
"816";32222;3,36;72,106824925816;3;15
"817";32223;3,59;62,4113475177305;3;29
"818";32301;5584,91;51,9140010487677;3;148
"819";32302;1,67;60,8591885441527;3;10
"820";32304;3086,42;37,21657544957;2;65
"821";32305;1683,59;40,3290529695024;2;63
"822";32306;3393,84;52,0118343195266;2;86
"823";32307;3252,03;38,3058823529412;2;104
"824";32308;2239,53;53,3132530120482;3;23
"825";32309;1582,73;64,4824311490978;3;22
"826";32310;3,76;56,5560821484992;3;32
"827";32311;4416,96;58,3227445997459;3;50
"828";32312;3,35;63,4222919937206;3;28
"829";32313;5729,77;55,499720826354;2;148
"830";32314;2047,93;67,6958261863922;3;47
"831";32315;2947,48;63,5202271114265;3;55
"832";32316;4375,8;46,6976744186046;2;136
"833";32317;3,8;72,6072607260726;3;33
"834";32318;3151,07;44,1631504922644;2;68
"835";32319;5004,39;53,3116883116883;3;114
"836";32320;2860,55;50;2;48
"837";32321;1,28;59,3052109181141;3;7
"838";32322;4,95;58,4097859327217;3;21
"839";32323;5168,78;44,7224394057858;3;98
"840";32324;1,1;65,6126482213439;3;4
"841";32325;2,91;63,9087018544936;3;28
"842";32326;1,43;45,4388984509466;3;11
"843";32327;2590;38,1796690307329;2;100
"844";32330;2651,98;40,1381909547739;2;65
"845";32331;2642,11;38,150289017341;3;33
"846";32332;3190,77;49,1035856573705;3;47
"847";32333;4,95;53,7878787878788;3;45
"848";32334;3,09;58,4848484848485;3;27
"849";32335;3112,53;59,8299681190223;3;39
"850";32336;4865,22;52,1212121212121;3;74
"851";32337;2636,15;42,8900138057984;2;91
"852";32338;3625,38;42,1821305841924;3;60
"853";32501;3122,97;55,1485148514852;3;48
"854";32502;2064,9;72,972972972973;3;28
"855";32503;6,06;33,0508474576271;3;18
"856";32504;2105,26;67,1523178807947;3;22
"857";32505;2473,96;57,1559633027523;3;38
"858";32506;2,3;66,796875;3;16
"859";32508;2305,01;67,6503548748599;3;86
"860";32509;1228,07;60,981308411215;3;14
"861";32511;2,74;43,4375;3;12
"862";32514;2,77;61,3065326633166;3;15
"863";32515;2276,42;68,2198327359618;3;28
"864";32516;1537,39;60,8055009823183;3;22
"865";32517;1,34;61,4664586583463;3;12
"866";32518;2,5;61,6161616161616;3;21
"867";32519;0,98;63,8059701492537;3;7
"868";32520;1,44;59,7353497164461;3;11
"869";32521;2689,31;64,6586345381526;3;38
"870";32522;1910,22;64,3835616438356;3;20
"871";32523;3,35;70,5394190871369;3;22
"872";32524;3412,7;52,9923830250272;3;43
"873";32525;2474,35;73,426001635323;3;41
"874";32528;1,81;69,3679092382496;3;15
"875";32529;2581,93;64,7058823529412;3;26
"876";32530;3727,59;66,9950738916256;3;341
"877";40101;4,82;43,1099960240749;1;6,606
"878";40201;4,2;36,2749309604173;2;1,126
"879";40301;3,04;39,7146574543497;2;1,18
"880";40401;3173,33;45,980985306828;3;119
"881";40402;1313,79;57,1551724137931;3;26
"882";40403;2,73;57,328990228013;3;13
"883";40404;3109,53;46,2010992563854;2;358
"884";40405;2229,76;57,088122605364;3;46
"885";40406;3215,6;53,2527881040892;3;61
"886";40407;2164,5;57,0349386213409;3;35
"887";40408;3,23;60,5080831408776;3;25
"888";40409;2,63;59,5588235294118;3;23
"889";40410;2290,08;59,3558282208589;3;24
"890";40411;2,66;63,3540372670807;3;13
"891";40412;2868,07;62,4815361890694;3;30
"892";40413;1595,3;51,4038876889849;3;38
"893";40414;1730,42;66,5902140672783;3;38
"894";40415;3122,21;53,4700315457413;3;35
"895";40416;1,38;56,3953488372093;3;7
"896";40417;1,39;61,4497528830313;3;13
"897";40418;2626,49;49,7934832491969;3;95
"898";40419;2597,99;58,1955922865014;3;57
"899";40420;3285,59;65,2413793103448;3;39
"900";40421;1947,71;43,6681222707424;2;73
"901";40422;2484,85;43,1980906921241;3;41
"902";40423;3,22;59,4771241830065;3;32
"903";40424;0,78;49,4887525562372;3;6
"904";40425;2801,56;45,679012345679;3;36
"905";40426;2631,58;51,1577424023155;2;60
"906";40427;2541,88;53,8529672276351;3;44
"907";40428;2604,38;64,616497829233;3;63
"908";40429;2,61;61,0337972166998;3;21
"909";40430;4,22;62,5246548323471;3;34
"910";40431;3,82;55,2325581395349;2;30
"911";40432;1090,34;55,036855036855;3;14
"912";40433;0,91;51,4957264957265;3;7
"913";40434;1,9;49,0566037735849;3;14
"914";40435;1,43;48,9270386266094;3;5
"915";40436;1834,86;49,3292053663571;3;30
"916";40437;2311,38;51,3089005235602;3;53
"917";40438;2710,18;54,6360917248255;3;49
"918";40439;3,52;78,3950617283951;3;16
"919";40440;1,88;50,2283105022831;3;6
"920";40441;3020,72;50,6442577030812;2;86
"921";40442;1,17;62,7016129032258;3;9
"922";40443;2015,88;66,2350597609562;3;33
"923";40444;2,12;58,5294117647059;3;12
"924";40445;1,59;58,2329317269076;3;7
"925";40446;1653,61;51,3708513708514;3;19
"926";40501;3150,12;43,091697645601;3;145
"927";40502;3706,03;45,0199203187251;3;59
"928";40503;2219,23;46,5352112676056;2;66
"929";40504;2709,88;47,4870017331023;2;51
"930";40505;4070,31;54,5953360768176;3;44
"931";40506;3470,78;50,0837520938023;3;117
"932";40507;3481,98;50,6046511627907;3;57
"933";40508;2059,6;55,2722260509993;3;47
"934";40509;4281,77;49,124613800206;2;62
"935";40510;3561,94;48,2649842271293;3;67
"936";40511;4275,4;45,2892561983471;3;77
"937";40512;2704,73;61,6407982261641;3;36
"938";40601;5718,02;51,3607990012484;2;350
"939";40602;4089,46;52,6859504132231;3;64
"940";40603;2965,91;56,3131313131313;3;67
"941";40604;6672,6;49,2682926829268;2;150
"942";40605;5,46;61,5384615384615;3;52
"943";40606;1,82;74,8218527315914;3;9
"944";40607;2439,02;52,2881355932203;3;42
"945";40608;2273,63;61,8823529411765;3;57
"946";40609;4070,27;59,5149253731343;3;95
"947";40610;2,1;64,1868512110727;3;17
"948";40611;903,61;62,6126126126126;3;12
"949";40612;6511,63;55,8112773302647;3;168
"950";40613;2,11;56,4236111111111;3;17
"951";40614;4250,56;49,5096381467704;2;190
"952";40615;3959,13;59,4039735099338;3;93
"953";40616;4090,51;49,5694956949569;3;47
"954";40617;3788,55;56,1643835616438;3;43
"955";40618;2889,18;50,2567394094994;3;67
"956";40619;3623,65;61,8600682593857;3;57
"957";40620;3856,86;50,0563063063063;3;97
"958";40621;2480,27;61,6541353383459;3;44
"959";40622;3977,27;45,2145214521452;3;70
"960";40623;4509,28;57,2185430463576;3;51
"961";40624;4686,17;49,2556917688266;2;165
"962";40625;2,86;63,5062611806798;3;24
"963";40626;7813,73;63,6147443519619;3;99
"964";40627;5236,27;62,8484848484849;3;123
"965";40701;4051,28;51,2376237623762;2;316
"966";40702;3372,79;38,6714443219405;2;208
"967";40703;4238,87;47,709347205907;2;455
"968";40704;3624,94;42,247191011236;2;225
"969";40705;5636,55;51,8897784397691;2;549
"970";40706;3586,5;40,7407407407407;3;51
"971";40707;4066,54;45,7593688362919;3;66
"972";40708;3791,26;53,8054268696228;2;85
"973";40709;7,81;38,6842105263158;3;45
"974";40710;3618,61;60,492700729927;3;63
"975";40711;3087,21;40,6748324474232;2;217
"976";40712;7,4;40,2173913043478;3;41
"977";40713;3877,5;47,7466977466977;2;157
"978";40714;3517,59;44,4201312910284;2;105
"979";40715;2887,63;47,0225872689938;3;46
"980";40716;1,66;54,5155993431855;3;15
"981";40717;4084,51;58,9030206677265;3;87
"982";40718;5274,89;59,6833130328867;2;71
"983";40719;4617,41;47,1120689655172;3;175
"984";40720;3490,4;48,5090521831736;3;200
"985";40801;2,07;48,7238979118329;3;15
"986";40802;3977,65;45,7980823463057;3;121
"987";40804;1,47;65,7364341085271;3;13
"988";40805;3941,68;43,2179607109448;3;73
"989";40806;3603,28;47,8314745972739;3;101
"990";40807;3562,12;50,8365508365508;3;41
"991";40808;3841,78;48,9171374764595;2;135
"992";40809;4520,8;52,7204502814259;3;75
"993";40810;3,65;68,314606741573;3;21
"994";40811;3272,15;54,6699875466999;3;41
"995";40812;2555,45;54,9099836333879;3;53
"996";40813;2147,53;45,1476793248945;3;23
"997";40814;3996,67;60,8125819134993;3;48
"998";40815;2431,91;65,1685393258427;3;25
"999";40816;1915,91;56,0483870967742;3;36
"1000";40817;2384,5;56,0083594566353;3;32
"1001";40818;3147,48;44,0438871473354;3;35
"1002";40820;2,22;67,0694864048338;3;10
"1003";40821;4,18;63,4615384615385;3;33
"1004";40822;3889,3;48,3516483516484;3;52
"1005";40823;1,55;42,8308823529412;3;13
"1006";40824;1716,25;61,2040133779264;3;30
"1007";40825;3125;52,0984081041968;3;34
"1008";40826;6,59;60,1351351351351;3;28
"1009";40827;2480,03;45,6310679611651;2;59
"1010";40828;2,39;61,9047619047619;3;22
"1011";40829;2138,36;52,6264591439689;3;34
"1012";40830;4,79;56,1264822134387;2;36
"1013";40831;3107,73;59,2213114754098;3;90
"1014";40832;4065,38;47,9398299542184;3;97
"1015";40833;5226,75;62,7475247524753;3;68
"1016";40834;1,45;56,9124423963134;3;10
"1017";40835;2827,14;58,2755632582322;3;105
"1018";40901;3,22;58,4664536741214;3;16
"1019";40902;2238,81;46,6744457409568;3;66
"1020";40903;2,91;57,8587699316629;3;21
"1021";40904;2720,64;54,3010752688172;3;41
"1022";40905;5501,52;47,0741901776385;2;181
"1023";40906;2,3;38,2978723404255;3;19
"1024";40907;3819,37;55,5631633002397;3;181
"1025";40908;4365,08;45,5208333333333;2;198
"1026";40909;3616,64;46,3264161525519;3;100
"1027";40910;3528,11;61,576354679803;3;64
"1028";40911;4,89;68,0608365019012;3;18
"1029";40912;3923,02;50,2464922260144;3;159
"1030";40913;3923,36;56,241134751773;3;86
"1031";40914;0,61;36,7549668874172;3;3
"1032";40915;3468,98;51,8560179977503;3;52
"1033";40916;1,13;36,4161849710983;3;3
"1034";40917;5570,78;53,7473233404711;3;122
"1035";40918;1714,29;46,0513796384396;3;30
"1036";40919;3,33;54,954954954955;3;23
"1037";40920;3452,61;56,7067530064755;3;55
"1038";40921;2,28;63,1313131313131;3;15
"1039";40922;5138,34;57,5286968264686;3;117
"1040";40923;3087,76;48,7781954887218;3;57
"1041";41001;2,47;56,1014263074485;3;23
"1042";41002;2483,34;33,6988416988417;2;272
"1043";41003;2295,86;35,3559322033898;2;106
"1044";41004;4,62;51,6460905349794;3;36
"1045";41005;4211,32;43,7854251012146;2;334
"1046";41006;4263,21;51,2683578104139;3;46
"1047";41007;3892,15;44,1694915254237;2;179
"1048";41008;3854,09;46,4788732394366;3;56
"1049";41009;3231,85;48,4169884169884;3;69
"1050";41010;4534,01;43,267776096823;3;90
"1051";41011;3355,96;43,8820912124583;3;89
"1052";41012;4,87;45,7596760376918;2;1,016
"1053";41013;4850,3;51,6983483951387;3;243
"1054";41014;4796,45;49,4623655913978;3;238
"1055";41015;4360,81;53,7053979871912;3;73
"1056";41016;3458,74;46,3780918727915;3;57
"1057";41017;3292,48;41,1444141689373;2;180
"1058";41018;2817,87;48,2608695652174;3;41
"1059";41019;3808,31;42,8219042920572;2;120
"1060";41020;3774,08;49,4025545941492;3;143
"1061";41021;2807,15;37,7430216139894;2;446
"1062";41022;5118,79;52,6996443582283;3;237
"1063";41101;3244,84;52,7740189445196;3;33
"1064";41102;5012,96;53,125;3;58
"1065";41103;2470,93;51,2987012987013;3;34
"1066";41104;1,64;55,893536121673;3;13
"1067";41105;3231,44;49,21875;3;74
"1068";41106;4054,05;51,7512077294686;3;102
"1069";41107;3,8;48,7912087912088;3;29
"1070";41108;2868,39;69,4839857651246;3;51
"1071";41109;2626,16;38,4444444444444;2;51
"1072";41110;3838,27;42,9373246024322;2;131
"1073";41111;4566,97;38,6969829470923;2;164
"1074";41112;3515,33;54,6285714285714;3;47
"1075";41113;2393,42;63,804347826087;3;32
"1076";41114;1706,97;53,2658227848101;3;48
"1077";41115;1283,02;59,7961494903737;3;17
"1078";41116;3474,3;48,3006698089804;2;221
"1079";41117;2,14;74,0740740740741;3;16
"1080";41118;4461,94;47,7922077922078;3;153
"1081";41119;1477,83;53,2051282051282;3;24
"1082";41120;5362,01;45,5084359325125;2;177
"1083";41121;2,69;62,125340599455;3;15
"1084";41122;2,86;71,4859437751004;3;21
"1085";41123;3272,73;47,7611940298507;3;45
"1086";41124;4355,58;43,4019832189169;3;171
"1087";41125;3894,97;55,2995391705069;3;89
"1088";41126;2685,77;64,0583554376658;3;30
"1089";41201;2,34;66,3212435233161;3;14
"1090";41202;0,75;49,3212669683258;3;6
"1091";41203;1737,19;44,8470209339775;3;39
"1092";41204;3083,7;45,4148471615721;3;84
"1093";41205;2,36;55,9796437659033;3;16
"1094";41206;2,15;56,7460317460317;3;9
"1095";41207;2182,16;54,2307692307692;3;23
"1096";41208;2,9;47,6363636363636;3;27
"1097";41209;3362,73;60,6007067137809;3;61
"1098";41210;2,01;60,4719764011799;3;10
"1099";41211;0,68;59,4458438287154;3;4
"1100";41212;2323,42;55,988455988456;3;25
"1101";41213;2671,12;57,2338489535942;3;48
"1102";41214;2117,26;52,1739130434783;3;39
"1103";41215;1144,05;46,0425531914894;3;22
"1104";41216;4,83;72,7272727272727;3;13
"1105";41217;2,1;48,5380116959064;3;11
"1106";41218;3893,44;53,2654792196777;3;76
"1107";41219;2238,14;46,9090909090909;3;25
"1108";41220;3,2;53,6206896551724;3;29
"1109";41221;3,73;58,1545064377682;3;29
"1110";41222;2,45;63,4961439588689;3;14
"1111";41223;1,93;53,2692307692308;3;16
"1112";41224;1636,52;57,2932330827068;3;19
"1113";41225;3607,31;45,982639661696;2;298
"1114";41226;2,87;70,7395498392283;3;13
"1115";41227;4,2;61,7821782178218;3;29
"1116";41228;2455,36;52,6772793053546;3;33
"1117";41229;2,28;53,2513181019332;3;22
"1118";41230;3,08;57,0149253731343;3;19
"1119";41231;2806,65;60,3489294210944;3;54
"1120";41232;4848,97;58,3783783783784;3;61
"1121";41233;2001,6;56,781914893617;3;25
"1122";41234;2192,24;51,7426273458445;3;39
"1123";41235;1,87;65,615141955836;3;9
"1124";41236;3,33;47,3867595818815;3;15
"1125";41304;3220,43;51,7126148705096;3;58
"1126";41305;4,86;65,6387665198238;3;44
"1127";41306;1,64;58,8850174216028;3;6
"1128";41307;0,92;64,0522875816993;3;4
"1129";41309;5329,46;51,0355029585799;3;110
"1130";41311;3,67;67,4509803921569;3;12
"1131";41312;4052,94;62,2282608695652;3;49
"1132";41313;1326,05;49,2063492063492;3;17
"1133";41314;3,85;56,8935427574171;3;33
"1134";41315;1332,06;53,2934131736527;3;14
"1135";41316;4504,5;59,5596755504056;3;60
"1136";41317;844,59;59,7339782345828;3;10
"1137";41318;3685,5;54,7464239271782;3;45
"1138";41319;0,99;62,0689655172414;3;4
"1139";41320;1,62;65,7894736842105;3;8
"1140";41321;4,06;64,3598615916955;3;37
"1141";41322;2,04;65,1933701657459;3;16
"1142";41323;4038,33;63,3056133056133;3;59
"1143";41324;1,13;72,2222222222222;3;6
"1144";41325;2300,61;61,8993135011442;3;30
"1145";41326;1422,92;64,9942987457241;3;18
"1146";41327;1572,05;69,2405063291139;3;18
"1147";41328;3362,69;64,6989374262102;3;42
"1148";41329;2030,01;66,0526315789474;3;23
"1149";41331;1,99;59,1522157996146;3;16
"1150";41332;5057,71;58,5878818227341;3;149
"1151";41333;3,72;57,1969696969697;3;15
"1152";41334;3346,99;66,1793372319688;3;49
"1153";41336;5,69;69,8550724637681;3;30
"1154";41337;3084,58;61,7354196301565;3;31
"1155";41338;3298,52;66,2327718223583;3;60
"1156";41341;1,31;62,3824451410658;3;6
"1157";41342;2116,85;57,4626865671642;3;50
"1158";41343;3109,4;60,7142857142857;3;81
"1159";41344;3617,38;61,2903225806452;3;149
"1160";41345;2782,19;50,7394766780432;3;35
"1161";41346;4,54;62,5;3;41
"1162";41401;4,19;57,7023498694517;3;23
"1163";41402;1898,27;48,3813589469939;3;78
"1164";41403;3045,69;52,3662551440329;2;48
"1165";41404;2419,98;54,9700598802395;3;31
"1166";41405;1,77;63,556338028169;3;15
"1167";41406;1612,9;61,6692426584235;3;17
"1168";41407;1,44;56,8475452196382;3;11
"1169";41408;1459,35;48,4276729559748;3;21
"1170";41409;1879,54;59,2079207920792;3;44
"1171";41410;2,56;62,7906976744186;3;25
"1172";41411;1800,12;54,3518518518518;3;29
"1173";41412;2,83;55,1724137931034;3;7
"1174";41413;2384,43;56,9555717407138;3;49
"1175";41414;2858,71;52,0888888888889;3;52
"1176";41415;2414,65;52,5030525030525;3;29
"1177";41416;3419,89;46,4088397790055;3;54
"1178";41417;2566,1;60,3752759381898;3;33
"1179";41418;3248,16;48,5915492957746;3;75
"1180";41419;2123,29;56,7231638418079;3;31
"1181";41420;1877,61;62,3843782117163;3;27
"1182";41421;0,86;53,2110091743119;3;8
"1183";41422;3454,84;45,7245263696877;2;127
"1184";41423;2364,07;63,8316920322292;3;40
"1185";41424;2,65;55,6485355648536;3;18
"1186";41425;1,48;54,5945945945946;3;14
"1187";41426;1946,37;48,0293921175685;3;45
"1188";41427;0,67;65,8783783783784;3;3
"1189";41428;1796,41;59,1805766312595;3;18
"1190";41429;1978,57;49,6598639455782;3;24
"1191";41430;3974,36;62,3336745138178;3;62
"1192";41501;3182,13;60,8742004264392;3;47
"1193";41502;5857,52;51,5488482922955;3;111
"1194";41503;4395,6;50,5163897620117;2;180
"1195";41504;3557,15;52,7906976744186;2;89
"1196";41505;2445,47;60,7655502392344;3;37
"1197";41506;5600,62;51,9375187744067;2;290
"1198";41507;3523,41;49,5557074504443;3;76
"1199";41508;3482,59;54,7445255474453;3;35
"1200";41509;4587,16;46,2017434620174;3;60
"1201";41510;3198,13;60,1351351351351;3;41
"1202";41511;3203,04;52,4486571879937;2;59
"1203";41512;4481,79;33,1243469174504;3;64
"1204";41513;5648,15;53,0734632683658;3;61
"1205";41514;3487,91;55,6574923547401;2;88
"1206";41515;2290,84;67,2782874617737;3;23
"1207";41516;3567,02;40,6949968599539;2;260
"1208";41517;4298,72;48,8358886996025;3;118
"1209";41518;3244,17;57,5933609958506;3;57
"1210";41521;2880,18;54,8780487804878;3;75
"1211";41522;4177,94;47,4965548920533;3;139
"1212";41601;5137,5;56,0823754789272;3;170
"1213";41602;4624,59;62,0510774142059;3;170
"1214";41603;4398,22;60,3836930455635;3;148
"1215";41604;7084,31;66,271186440678;3;121
"1216";41605;5373,77;54,080310880829;3;381
"1217";41606;6168,91;51,0739856801909;3;271
"1218";41607;8011,42;52,0697167755991;2;421
"1219";41608;4,91;58,0645161290323;3;33
"1220";41609;5078,98;58,3173996175908;3;209
"1221";41610;2,82;56,25;3;21
"1222";41611;5738,58;56,1268209083119;3;108
"1223";41612;2352,4;58,4129316678913;3;51
"1224";41613;5017,3;57,787610619469;3;87
"1225";41614;6372,55;58,2;3;143
"1226";41615;3446,94;59,9286563614744;3;89
"1227";41616;2,07;55,7046979865772;3;9
"1228";41617;10219,96;61,3067458633857;2;381
"1229";41618;6766,71;54,416333777186;2;248
"1230";41619;5442,18;56,4254062038405;3;56
"1231";41620;2605,04;63,151364764268;3;31
"1232";41621;4194,47;55,8041958041958;3;44
"1233";41622;3769,23;65,9378596087457;3;49
"1234";41623;5,93;55,705996131528;3;48
"1235";41624;5051,81;46,2859424920128;3;195
"1236";41626;5058,82;55,2792116377288;2;172
"1237";41627;6213,87;62,6783754116356;3;86
"1238";41628;4087,32;62,2041920216362;3;88
"1239";41701;1577,91;35,521472392638;3;40
"1240";41702;5419,85;60,6951871657754;3;71
"1241";41703;3817,34;36,5782664941785;2;214
"1242";41704;6,09;61,4551083591331;3;59
"1243";41705;3488,37;44,078947368421;3;48
"1244";41706;2,63;70,1413427561837;3;22
"1245";41707;2099,37;48,8448844884488;3;30
"1246";41708;2,51;66,4794007490637;3;19
"1247";41709;2401,64;44,2641509433962;3;94
"1248";41710;3334,58;51,9242155121374;3;89
"1249";41711;3473,41;59,1584158415842;3;81
"1250";41712;2,61;72,3684210526316;3;24
"1251";41713;3418,14;31,6055625790139;2;133
"1252";41714;3,96;61,7577197149644;3;26
"1253";41715;3902,07;60,7566765578635;2;102
"1254";41716;4043,77;54,4137931034483;3;85
"1255";41717;3,89;58,8652482269503;3;32
"1256";41718;3,66;59,2369477911647;3;32
"1257";41719;3923,14;62,0474406991261;3;49
"1258";41720;5147,06;43,8524590163934;2;56
"1259";41721;1319,65;67,7804295942721;3;18
"1260";41722;2793,48;44,0533333333333;3;84
"1261";41723;5495,42;54,1237113402062;3;66
"1262";41724;7,32;55,3072625698324;3;38
"1263";41725;2,47;60,5536332179931;3;11
"1264";41726;1868,66;56,6348655680833;3;35
"1265";41727;4,39;58,2834331337325;3;36
"1266";41728;4,65;51,0703363914373;3;23
"1267";41729;1,75;45,0980392156863;3;7
"1268";41730;3700,85;46,5393794749403;2;48
"1269";41731;4153,42;48,6219292989814;2;209
"1270";41732;3775,81;43,8735177865613;2;64
"1271";41733;6,33;65,2694610778443;3;14
"1272";41734;3490,18;54,6511627906977;3;112
"1273";41735;3558,35;66,0909090909091;3;68
"1274";41736;3884,37;55,2755905511811;3;43
"1275";41737;4651,16;48,0233311730395;2;126
"1276";41738;5266,69;44,1471571906354;2;157
"1277";41739;4684,72;48,6751361161525;2;211
"1278";41740;5,24;65,7004830917874;3;36
"1279";41741;2730,38;57,5624082232012;3;32
"1280";41742;3476,21;65,512978986403;3;103
"1281";41743;3932,96;47,8340675477239;2;176
"1282";41744;3709,95;61,8138424821002;3;44
"1283";41745;5550,88;59,7381342062193;3;66
"1284";41746;5851,36;48,4601975595584;2;522
"1285";41747;3575,18;54,4271926143517;3;136
"1286";41748;2,62;62,124248496994;3;20
"1287";41749;4885,74;56,4926372155288;3;62
"1288";41750;2814,14;50,3833515881709;3;43
"1289";41751;5177,99;61,2903225806452;3;64
"1290";41752;6,62;58,0597014925373;3;65
"1291";41801;3,92;61,3636363636364;3;18
"1292";41802;3,48;52,7777777777778;3;18
"1293";41803;2529,76;54,6779141104294;3;51
"1294";41804;2468,01;44,8342143200384;3;81
"1295";41805;2154,14;56,2962962962963;3;45
"1296";41806;2565,56;48,9630297565374;2;45
"1297";41807;2838,83;53,041018387553;3;31
"1298";41808;4056,92;47,2306143001007;2;191
"1299";41809;4,88;48,3606557377049;3;37
"1300";41810;4000;47,5;3;99
"1301";41811;3532,38;44,8648648648649;2;84
"1302";41812;2115,33;37,21044045677;2;208
"1303";41813;5,85;53,1868131868132;3;43
"1304";41814;3122,56;53,6299765807963;3;40
"1305";41815;5,67;63,6174636174636;3;41
"1306";41816;3327,26;49,7655726724715;3;73
"1307";41817;2618,07;43,968253968254;3;51
"1308";41818;3225,81;50,2849002849003;3;34
"1309";41819;3018,87;55,3803339517625;3;48
"1310";41820;2775,44;40,0198117880139;2;99
"1311";41821;2780,75;62,5893566322478;3;52
"1312";41822;2931,03;47,9774223894638;3;51
"1313";41823;4813,22;51,0727969348659;2;201
"1314";41824;3248,96;49,1794001131862;2;86
"1315";50101;4,38;54,8045824728208;1;4,314
"1316";50201;1761,43;66,1207450224791;3;79
"1317";50202;2997,56;64,4119131751641;2;86
"1318";50203;1233,12;65,3721682847896;3;21
"1319";50204;2933,42;54,8371174728529;3;89
"1320";50205;3156,3;49,2932438907523;2;438
"1321";50206;1,74;64,5593869731801;3;12
"1322";50207;3536,92;63,5410921125207;2;194
"1323";50208;4848,48;59,7668997668998;2;160
"1324";50209;4137,32;62,2032288698955;2;141
"1325";50210;2,37;58,876404494382;3;15
"1326";50211;2207,51;71,7111770524234;3;30
"1327";50212;1811,59;65,4731457800512;3;20
"1328";50213;3470,44;62,5226860254083;2;54
"1329";50301;4342,19;63,9379347244516;2;134
"1330";50302;4703,4;68,3054393305439;3;134
"1331";50303;4450,59;64,540412044374;3;177
"1332";50304;3256,15;60,6538895152198;3;45
"1333";50305;2981,78;41,7133017649591;2;108
"1334";50306;3801,65;67,1837708830549;3;46
"1335";50307;4276,62;64,7925033467202;3;47
"1336";50308;4922,17;63,6900853578464;2;117
"1337";50309;4530,44;63,426265590609;3;192
"1338";50310;3578,79;62,478184991274;2;191
"1339";50311;3291,14;57,6034063260341;3;78
"1340";50312;3485,25;65,6164383561644;3;39
"1341";50313;2,84;70,4016913319239;3;17
"1342";50314;3421,16;53,8971284316819;2;174
"1343";50315;3879,78;57,6146788990826;3;71
"1344";50316;3874,54;62,7826941986234;3;126
"1345";50317;3447,35;58,8658484976724;3;129
"1346";50318;1,67;66,1290322580645;3;6
"1347";50319;3588,79;62,9850746268657;3;96
"1348";50320;2986,51;63,6695906432749;3;62
"1349";50321;4357,22;62,0926243567753;3;121
"1350";50322;2359,78;59,0745501285347;3;69
"1351";50323;4293,03;66,4592408214064;3;109
"1352";50324;4696,8;55,4637626736763;2;213
"1353";50325;4070,7;66,0362490149724;3;76
"1354";50326;3684,21;56,9427276473012;2;147
"1355";50327;3602,88;67,4939951961569;3;135
"1356";50328;3,66;65,6432748538012;3;35
"1357";50329;3054,73;61,0066707095209;3;72
"1358";50330;3617,39;61,8727050183599;3;104
"1359";50331;3,35;62,5212947189097;3;29
"1360";50332;2170,96;65,7725321888412;3;32
"1361";50335;2524,98;61,0810810810811;3;139
"1362";50336;3744,26;60,7514450867052;3;106
"1363";50337;3215,36;62,0846449807625;3;149
"1364";50338;3142,97;61,2503917267314;2;317
"1365";50339;4421,47;62,124132613724;2;355
"1366";50401;2060,53;66,7870036101083;3;64
"1367";50402;2421,8;56,385068762279;3;120
"1368";50403;1724,14;52,2235576923077;3;46
"1369";50404;2186,01;46,3878326996198;2;161
"1370";50405;1936,48;62,4588364434687;3;25
"1371";50406;2052,45;63,6363636363636;3;36
"1372";50407;1551,89;70,9219858156028;3;16
"1373";50408;2313,25;66,0618279569892;3;48
"1374";50409;1,86;63,3846153846154;3;8
"1375";50410;3516,59;60,3831417624521;3;71
"1376";50411;1309,27;71,5142428785607;3;37
"1377";50412;768,49;59,5774647887324;3;8
"1378";50413;1,56;72,2330097087379;3;11
"1379";50414;2,82;69,4835680751174;3;17
"1380";50415;1957,3;51,6666666666667;3;22
"1381";50416;2177,46;66,0377358490566;3;40
"1382";50417;2527,84;57,886830245368;3;84
"1383";50418;2463,68;56,830158086745;2;195
"1384";50419;1321,93;64,9411764705882;3;17
"1385";50420;1848,12;60,9444171175603;3;55
"1386";50421;2516,23;35,8439811701412;2;62
"1387";50422;0,96;65,4088050314465;3;3
"1388";50423;1277,96;62,4540778839089;3;28
"1389";50424;1599,29;48,371104815864;3;36
"1390";50425;2,33;60,6837606837607;3;17
"1391";50501;1,66;64,7058823529412;3;5
"1392";50502;1,12;67,6375404530744;3;5
"1393";50503;2371,13;61,751563896336;3;46
"1394";50504;2748,59;63,151364764268;3;34
"1395";50505;0,49;60,2836879432624;3;2
"1396";50506;0,8;46,9924812030075;3;7
"1397";50507;2,35;61,1979166666667;3;15
"1398";50508;1,29;54,6448087431694;3;7
"1399";50509;1897,81;54,0798094103633;3;52
"1400";50510;1771,3;55,7131280388979;3;79
"1401";50511;2,5;48,3695652173913;3;7
"1402";50512;1,76;59,2592592592593;3;3
"1403";50513;1,51;57,7651515151515;3;12
"1404";50514;0,41;62,6582278481013;3;1
"1405";50515;1,04;66,0130718954248;3;10
"1406";50601;1709,94;59,9606492867683;3;54
"1407";50602;3146,65;58,9587242026266;3;109
"1408";50603;1,83;57,9545454545455;3;11
"1409";50604;4,97;72,1311475409836;3;27
"1410";50605;1,65;61,2462006079027;3;16
"1411";50606;3047,9;56,4318529862175;3;63
"1412";50607;1,58;65,2605459057072;3;10
"1413";50608;1,91;53,1157270029674;3;19
"1414";50609;2957,86;65,8578856152513;3;73
"1415";50610;2851,46;66,6311300639659;3;43
"1416";50611;3338,39;63,799504950495;3;88
"1417";50612;1842,44;69,3437806072478;3;29
"1418";50613;1904,27;54,4853245142621;3;74
"1419";50614;1175,32;60,6007067137809;3;24
"1420";50615;1605,29;56,0144927536232;3;34
"1421";50616;2035,8;60,9075043630017;3;58
"1422";50617;1232,03;64,5659163987138;3;30
"1423";50618;1571,21;72,7714748784441;3;31
"1424";50619;3316,11;55,5178037510193;2;398
"1425";50620;4,9;64,8648648648649;3;43
"1426";50621;1875;52,094522019334;3;24
"1427";50622;1610,61;56,5816678152998;3;34
"1428";50623;1547,12;57,4534161490683;3;22
"1429";50624;2419,01;48,981077147016;3;56
"1430";50625;3,67;57,6208178438662;3;16
"1431";50626;1,27;60,8949416342412;3;11
"1432";50627;1,31;69,4444444444444;3;4
"1433";50628;2905,08;55,2786334360123;2;187
"1434";60101;6,31;54,0231577784732;1;12,35
"1435";60305;3034,08;41,4219474497682;2;73
"1436";60318;3018,6;52,5284450063211;3;86
"1437";60323;1392,96;42,6075268817204;3;19
"1438";60324;3306,34;49,9393939393939;3;49
"1439";60326;3588,14;54,5142857142857;3;46
"1440";60329;1966,29;51,1290322580645;3;21
"1441";60341;1616,46;55,1190476190476;3;22
"1442";60344;2929,18;46,4438557163236;2;273
"1443";60345;2084,1;46,7181467181467;3;113
"1444";60346;2271,4;55,9027777777778;3;78
"1445";60347;2303,26;52,3465703971119;3;60
"1446";60348;2800;52,9045643153527;3;84
"1447";60349;1865,48;47,114556416882;3;71
"1448";60350;3177,91;54,5897248599951;3;229
"1449";60351;1191,47;47,7490421455939;3;43
"1450";60608;2792,81;46,7840735068913;2;129
"1451";60611;2482,27;44,555002763958;2;77
"1452";60613;2423,65;38,5140905209223;2;150
"1453";60617;5784,31;52,1077792264233;2;236
"1454";60618;4301,95;43,943661971831;3;53
"1455";60619;4564,01;56,8955223880597;2;123
"1456";60623;3598,07;60,4237288135593;3;82
"1457";60624;2263,87;48,1115425344158;2;122
"1458";60626;5659,77;61,2472160356347;3;175
"1459";60628;5691,81;57,0507655116841;3;123
"1460";60629;3392,29;48,3759203118233;3;140
"1461";60632;1643,06;44,2064264849075;3;29
"1462";60639;3203,46;55,3424657534247;3;37
"1463";60641;3846,15;45,7792207792208;3;40
"1464";60642;4916,2;61,2043435340573;3;88
"1465";60645;2744,49;58,3542713567839;3;71
"1466";60646;4531,98;59,3597773138483;2;107
"1467";60647;1,99;52,0325203252033;3;12
"1468";60648;3795,38;59,4594594594595;3;69
"1469";60651;2261,9;49,2260061919505;3;38
"1470";60653;3297,9;53,5172413793103;3;121
"1471";60654;4505,75;59,8765432098765;3;98
"1472";60655;2015,68;45,3953488372093;2;36
"1473";60656;3685,9;64,5955451348183;3;46
"1474";60659;2659,26;44,4390715667311;3;91
"1475";60660;3329,67;57,341845618108;3;91
"1476";60661;3465,72;57,8758949880668;3;185
"1477";60662;3339,33;52,1615008156607;2;130
"1478";60663;2675,77;47,7265600501725;3;145
"1479";60664;3674,11;46,6593302939789;2;377
"1480";60665;3366,54;53,880266075388;3;196
"1481";60666;3360,96;56,9832402234637;3;73
"1482";60667;3947,74;56,6681838871188;2;139
"1483";60668;3093,12;60,3166226912929;3;94
"1484";60669;3737,54;48,7340567294879;2;315
"1485";60670;2941,8;53,8520801232666;2;139
"1486";61001;2748,59;64,3603133159269;3;34
"1487";61002;2,5;56,745182012848;3;20
"1488";61007;1813,47;56,4537157757497;3;21
"1489";61008;1,76;56,514657980456;3;17
"1490";61012;1728,65;43,3063791554358;2;33
"1491";61013;2950,47;55,7692307692308;3;56
"1492";61016;1667,7;53,5225048923679;3;27
"1493";61017;2711,86;51,2408759124088;3;32
"1494";61019;1759,53;52,4409448818898;3;18
"1495";61020;2808,99;63,3001422475107;3;30
"1496";61021;2074,69;48,7636003956479;3;35
"1497";61024;934,58;54,6448087431694;3;16
"1498";61027;1388,89;55,9691912708601;3;17
"1499";61030;1795,58;50,5458515283843;3;26
"1500";61032;1241,13;55,4146341463415;3;21
"1501";61033;2417,24;54,6902654867257;3;46
"1502";61043;2254,83;46,329426280074;3;63
"1503";61045;2635,43;44,2840865932396;2;126
"1504";61049;2199,49;48,7782805429864;3;43
"1505";61050;1111,11;51,9196692262256;3;29
"1506";61051;1673,82;55,286800276434;3;39
"1507";61052;2618,73;53,4834623504574;3;59
"1508";61053;2877,62;47,5112238922506;2;273
"1509";61054;1023,1;57,906843013226;3;31
"1510";61055;3858,52;60,7323232323232;3;48
"1511";61057;1266,49;63,5506003430532;3;24
"1512";61059;2767,92;49,6584116140051;3;117
"1513";61060;1745,99;0;0;62
"1514";61061;1542,63;0;0;74
"1515";61101;1915,14;33,2148298628746;3;65
"1516";61105;1,33;56,385068762279;3;11
"1517";61106;4006,05;51,1377245508982;3;53
"1518";61107;4436,56;48,5627836611195;3;50
"1519";61108;2824,36;38,1672226855713;2;517
"1520";61109;2301,96;60,0583090379009;3;34
"1521";61110;1683,32;35,7570573139435;2;32
"1522";61111;3189,07;42,5692695214106;3;42
"1523";61112;0,84;48,1012658227848;3;4
"1524";61113;2102,23;38,1229773462783;3;51
"1525";61114;2004,22;41,9764279238441;2;38
"1526";61115;2053,52;41,8674698795181;3;33
"1527";61116;2218,43;48,3286908077994;3;26
"1528";61118;1,96;24,8936170212766;3;15
"1529";61119;2,81;56,4459930313589;3;13
"1530";61120;2371,97;40,5954715635586;2;220
"1531";61203;2889,39;50,5925925925926;3;64
"1532";61204;3293,81;48,069241011984;3;50
"1533";61205;3,41;42,7586206896552;3;22
"1534";61206;2156,86;42,3023578363384;3;22
"1535";61207;4065,48;50,6513809275664;3;149
"1536";61213;2385,16;54,7717842323651;3;54
"1537";61215;2955,67;59,1320072332731;3;30
"1538";61217;2297,65;60,0182982616651;3;44
"1539";61222;1585,11;54,6239210850801;3;23
"1540";61236;3437,06;62,1705426356589;3;74
"1541";61243;1907,13;35,1851851851852;3;23
"1542";61247;1240,79;32,2243966079582;3;32
"1543";61251;1,75;41,9928825622776;3;7
"1544";61252;2,94;58,1730769230769;3;27
"1545";61253;2314,7;45,2969224100564;3;94
"1546";61254;881,49;68,9504373177842;3;9
"1547";61255;2327,41;49,8316498316498;3;89
"1548";61256;2396,31;46,8428781204112;3;26
"1549";61257;2709,95;54,683411826269;3;91
"1550";61258;1554,4;38,7032085561497;3;36
"1551";61259;2644,96;46,1083437110834;2;156
"1552";61260;2,38;62,8472222222222;3;21
"1553";61261;2232,44;59,6280087527352;3;34
"1554";61262;2636,66;50,5681818181818;3;41
"1555";61263;1757,03;41,8872758326217;3;70
"1556";61264;2322,31;52,3754345307068;3;33
"1557";61265;1565,6;55,6445461479786;3;79
"1558";61266;566,8;57,4496644295302;3;7
"1559";61267;2914,9;54,0869565217391;3;62
"1560";61410;1,6;47,3977695167286;3;12
"1561";61413;1,28;56,4625850340136;3;6
"1562";61425;1956,14;53,5852713178295;3;33
"1563";61428;1,67;55,421686746988;3;13
"1564";61437;749,38;60,3491271820449;3;9
"1565";61438;3328,8;60,1846153846154;3;98
"1566";61439;2907,68;49,2401215805471;3;120
"1567";61440;1134,52;61,8310767246937;3;28
"1568";61441;1,34;65,3495440729483;3;13
"1569";61442;647,48;59,5115681233933;3;9
"1570";61443;1819,41;50,4928806133625;3;27
"1571";61444;3397,51;48,3193277310924;3;60
"1572";61445;857,76;45,6747404844291;3;12
"1573";61446;1682,85;48,954895489549;3;26
"1574";61611;2460,2;52,887537993921;3;51
"1575";61612;2774,69;48,8074461896451;3;75
"1576";61615;2114,64;53,8759689922481;3;38
"1577";61618;1623,15;30,6965761511216;2;23
"1578";61621;0,86;51,0112359550562;3;6
"1579";61624;1660,87;51,0759493670886;3;43
"1580";61625;2186,57;37,6112099644128;2;169
"1581";61626;2519,38;37,4237531395766;2;117
"1582";61627;1489,51;57,3634204275535;3;22
"1583";61628;1543,21;52,7813712807245;3;20
"1584";61629;1,58;59,1150442477876;3;14
"1585";61630;1473,84;46,5614430665163;3;20
"1586";61631;1617,25;38,0646417445483;2;132
"1587";61632;1811,29;40,6960227272727;3;43
"1588";61633;2285,03;51,9438444924406;3;76
"1589";61701;2090,59;53,1474820143885;3;36
"1590";61708;2053,71;49,6191512513602;3;26
"1591";61710;1,52;54,4;3;15
"1592";61711;2,77;65,8227848101266;3;20
"1593";61716;2440,05;59,1198979591837;3;58
"1594";61719;3471,44;58,0935251798561;3;62
"1595";61727;4209,98;52,7704485488127;3;81
"1596";61728;2,23;55,0438596491228;3;13
"1597";61729;2648,62;54,8161120840631;3;45
"1598";61730;3306,26;51,2133891213389;3;57
"1599";61731;1344,09;60,1043024771838;3;15
"1600";61740;3049,85;57,5842696629214;3;52
"1601";61741;2,03;55,36;3;19
"1602";61743;1,17;56,9306930693069;3;7
"1603";61744;1,74;53,5353535353535;3;9
"1604";61745;1,85;61,8589743589744;3;17
"1605";61746;3064,32;59,2173503064592;3;101
"1606";61748;1547,62;53,9522058823529;3;52
"1607";61750;575,45;58,8824020016681;3;9
"1608";61751;2727,27;59,5826893353941;3;54
"1609";61756;2176,51;57,5336517585758;3;73
"1610";61757;1947,58;56,5615835777126;3;81
"1611";61758;1698,37;62,1296296296296;3;25
"1612";61759;1720,43;62,5857002938296;3;24
"1613";61760;4461,76;58,7637778258051;2;378
"1614";61761;3139,36;51,505376344086;3;41
"1615";61762;1703,58;58,0858085808581;3;30
"1616";61763;1895,6;57,8066136458769;3;69
"1617";61764;2606,95;52,9593412249099;3;78
"1618";61765;3039,66;54,6352583586626;3;128
"1619";61766;3454,04;45,2692307692308;2;310
"1620";62007;2614,38;36,0213543130093;2;168
"1621";62008;2087,11;65,7068062827225;3;23
"1622";62010;1,75;42,4657534246575;3;6
"1623";62014;3362,94;54,1798941798942;3;53
"1624";62021;2,49;61,1764705882353;3;9
"1625";62026;0,7;56,651376146789;3;5
"1626";62032;2,32;59,7063621533442;3;21
"1627";62034;4077,85;63,6111111111111;3;44
"1628";62036;1000;47,1810089020772;3;11
"1629";62038;1807,23;33,9770867430442;2;99
"1630";62039;2448,71;48,8162344983089;3;37
"1631";62040;2051,28;38,7822790807865;2;164
"1632";62041;2459,75;33,8090241343127;2;220
"1633";62042;1938,35;58,8853838065195;3;61
"1634";62043;2258,32;43,5714285714286;3;57
"1635";62044;1999,09;52,5714285714286;3;44
"1636";62045;3292,68;51,205400192864;3;54
"1637";62046;2422,61;50,2133712660029;3;54
"1638";62047;2365,25;41,0506566604128;2;104
"1639";62048;1819,09;56,2300319488818;3;73
"1640";62105;808,23;47,6923076923077;3;11
"1641";62115;2850,73;47,4864655839134;3;127
"1642";62116;3008,2;51,8181818181818;3;99
"1643";62125;2198,36;42,2834645669291;3;43
"1644";62128;3628,35;45,7313432835821;2;107
"1645";62131;3406,33;44,910941475827;3;42
"1646";62132;2369,98;47,0829068577277;3;36
"1647";62135;3098,37;41,2222222222222;3;40
"1648";62138;3207;53,6487570168404;3;66
"1649";62139;3174,09;41,9413407821229;2;396
"1650";62140;1942,34;35,2481617647059;2;316
"1651";62141;2258,3;41,9069296914517;2;153
"1652";62142;2599,54;48,4122562674095;3;79
"1653";62143;3643,48;37,5070028011204;2;242
"1654";62144;2026,69;47,840260798696;3;41
"1655";62145;2265,31;37,406321277289;3;125
"1656";62146;2565,28;41,3416536661466;3;56
"1657";62147;2556,08;38,2978723404255;3;49
"1658";62148;1534,53;43,0173292558614;3;24
"1659";62202;2498,11;56,7180616740088;3;33
"1660";62205;1271,42;58,0343213728549;3;23
"1661";62206;5,05;56,3088512241055;3;43
"1662";62209;1886,79;57,2591587516961;3;20
"1663";62211;3526,68;51,432664756447;3;76
"1664";62214;1210,49;57,5842696629214;3;18
"1665";62216;3530,53;65,503355704698;3;37
"1666";62219;4985,94;60,9505459216442;2;266
"1667";62220;3890,82;68,2108626198083;3;67
"1668";62226;2276,71;46,6007416563659;3;26
"1669";62232;1310,72;59,2269326683292;3;17
"1670";62233;2251,18;55,4823247453565;3;57
"1671";62235;1210,37;65,7235246564268;3;21
"1672";62242;1,63;66,0565723793677;3;14
"1673";62244;2469,81;51,8998272884283;3;45
"1674";62245;1932,37;58,5227272727273;3;24
"1675";62247;898,47;67,0792079207921;3;10
"1676";62252;3114,75;59,1259640102828;3;38
"1677";62256;3548,03;61,913357400722;3;65
"1678";62262;3239,93;70,0729927007299;3;37
"1679";62264;2966,51;59,9531615925059;3;93
"1680";62265;2904,56;55,4413024850043;3;49
"1681";62266;4275,65;52,865213882163;3;85
"1682";62267;3541,24;56,7488406150842;2;243
"1683";62268;1731,44;61,3812154696133;3;45
"1684";62269;2473,5;64,722483537159;3;42
"1685";62270;1315,79;60,9486166007905;3;23
"1686";62271;2820,6;57,1217348447511;3;86
"1687";62272;2142,56;60,5688429217841;3;52
"1688";62273;2681,49;62,0724346076459;3;41
"1689";62274;3747,53;40,1225114854518;3;38
"1690";62275;2501;59,0841510556051;3;125
"1691";62276;2553,54;51,9112207151665;3;31
"1692";62277;2459,75;47,0742932281394;3;55
"1693";62278;2597,4;60,8488840102452;3;102
"1694";62279;2073,37;60,7104413347686;3;26
"1695";62311;2724,8;56,8702290076336;3;30
"1696";62314;2982,29;54,1850220264317;3;32
"1697";62326;1615,07;60,9783845278726;3;24
"1698";62330;1302,46;61,4689265536723;3;18
"1699";62332;2194,36;62,1336459554513;3;28
"1700";62335;1384,77;74,3202416918429;3;14
"1701";62343;1669,76;60,2782071097372;3;18
"1702";62368;1149,43;51,3343799058085;3;12
"1703";62372;1399,25;58,0451127819549;3;15
"1704";62375;1759,39;56,8499127399651;3;74
"1705";62376;3693,3;57,0806100217865;2;92
"1706";62377;2223,68;63,5542168674699;3;34
"1707";62378;2453,68;54,8184548184548;3;147
"1708";62379;2367,44;54,7469879518072;2;242
"1709";62380;1394,98;61,8962962962963;3;70
"1710";62381;2188,43;59,608938547486;3;59
"1711";62382;1210,33;54,0504648074369;3;45
"1712";62383;2050,19;55,3973902728351;3;58
"1713";62384;1182,3;54,7878787878788;3;31
"1714";62385;2010,53;61,90833959429;3;42
"1715";62386;2534,73;62,7561269586179;3;104
"1716";62387;1379,31;66,6921898928024;3;28
"1717";62388;2343,43;58,6486486486486;3;58
"1718";62389;2222,91;59,1718610863758;3;72
"1719";62390;2216,25;62,7319587628866;3;66
"1720";70101;4,84;51,4828150572831;1;4,146
"1721";70201;1677,85;61,1111111111111;3;40
"1722";70202;2675,3;55,7135850907308;3;95
"1723";70203;2497,66;55,7132370932224;2;187
"1724";70204;0,48;59,2783505154639;3;3
"1725";70205;0,56;71,5555555555555;3;4
"1726";70206;0,39;54,8484848484848;2;2
"1727";70207;2,35;53,935860058309;2;13
"1728";70208;925,93;73,6064792758456;3;32
"1729";70209;2255,11;61,4651578320429;3;64
"1730";70210;7,1;51,2422360248447;3;34
"1731";70211;3,41;60,167714884696;3;32
"1732";70212;1684,72;63,3064516129032;3;28
"1733";70213;2,92;66,1818181818182;3;29
"1734";70214;1925,25;66,6986564299424;3;34
"1735";70215;1714,9;50,5164319248826;3;32
"1736";70216;2267,74;59,9747474747475;3;31
"1737";70217;651,16;80,5111821086262;3;7
"1738";70218;1953,82;62,1753246753247;3;22
"1739";70219;2911,13;54,6888694127958;3;57
"1740";70220;600,74;74,3912678421495;3;13
"1741";70221;2888,09;59,6491228070175;3;32
"1742";70222;1391,55;56,7226890756302;3;29
"1743";70223;776,46;64,9048625792812;3;19
"1744";70224;987,05;69,5852534562212;3;16
"1745";70301;4162,29;58,1704899461909;2;238
"1746";70302;4141,41;65,6302521008403;2;82
"1747";70303;4812,83;61,1883691529709;2;63
"1748";70304;3629,38;58,6948461253244;2;170
"1749";70305;3,66;57,3863636363636;2;35
"1750";70306;3568,24;62,4819624819625;2;40
"1751";70307;3,52;64,6280991735537;3;32
"1752";70308;3,98;61,7834394904459;3;39
"1753";70309;3437,88;54,7619047619048;2;57
"1754";70310;1620,22;55,6805399325084;2;50
"1755";70311;3,67;68,5929648241206;3;23
"1756";70312;3703,7;58,2818641212802;2;115
"1757";70313;1984,13;58,9825119236884;3;20
"1758";70314;0,64;61,7283950617284;3;3
"1759";70315;2281,02;55,8502340093604;3;25
"1760";70317;0,59;64,390243902439;3;2
"1761";70318;2954,76;55,8966074313409;3;32
"1762";70319;4473,06;58,5472419442927;3;132
"1763";70320;3622,54;59,4896331738437;2;81
"1764";70322;3539,82;62,5152625152625;3;44
"1765";70323;2,99;63,3165829145729;3;19
"1766";70325;4,81;65,1804670912951;2;40
"1767";70326;2052,24;68,6845168800931;3;33
"1768";70327;3,19;54,8387096774194;3;22
"1769";70328;2608,05;60,9498680738786;2;35
"1770";70329;3735,55;60,0454545454545;2;126
"1771";70330;1562,5;61,7405582922824;3;17
"1772";70331;3558,05;65,5818540433925;3;57
"1773";70332;4556,8;62,1052631578947;2;73
"1774";70333;865,27;67,7734375;3;14
"1775";70334;1405,22;64,8089887640449;3;49
"1776";70335;2554,74;49,3626882966396;3;35
"1777";70336;1,72;62,962962962963;3;5
"1778";70337;2835,7;62,3292127521145;2;68
"1779";70338;5,17;62,7680311890838;3;42
"1780";70339;1,79;57,5052854122622;3;15
"1781";70340;4,67;53,2846715328467;2;38
"1782";70341;3,31;63,3647798742138;3;33
"1783";70342;2,64;53,2038834951456;3;23
"1784";70343;3,73;66,4874551971326;3;31
"1785";70344;4,35;66,9456066945607;3;40
"1786";70345;3185,6;61,7463617463617;3;46
"1787";70346;3604,26;50,1224289911851;2;247
"1788";70347;0,71;68,0851063829787;3;1
"1789";70348;1,98;61,123595505618;3;17
"1790";70349;0,98;78,3333333333333;3;7
"1791";70350;2,17;67,6190476190476;2;16
"1792";70351;3155,34;66,6060054595086;3;65
"1793";70352;1285,58;53,7459283387622;3;14
"1794";70353;6155,63;62,7592425608656;2;106
"1795";70354;3903,65;50,0182149362477;2;376
"1796";70355;2569,83;58,3016476552598;3;69
"1797";70356;2315,96;62,5;3;28
"1798";70357;3071,99;49,0239007480387;2;335
"1799";70358;3172,01;59,8677517802645;2;97
"1800";70359;1532,57;65,9090909090909;3;16
"1801";70360;3110,05;63,0208333333333;3;39
"1802";70361;0;62,6865671641791;2;0
"1803";70362;1,38;72,4381625441696;3;6
"1804";70364;4484,57;56,385068762279;2;231
"1805";70365;2839,4;57,9844206426485;2;96
"1806";70366;1,17;60,7235142118863;3;7
"1807";70367;2949,02;54,0059347181009;2;177
"1808";70368;3,07;61,7710583153348;3;22
"1809";70369;3379,39;53,3913043478261;2;203
"1810";70401;1,11;73,5772357723577;3;9
"1811";70402;2215,51;68,3903252710592;3;44
"1812";70403;2329,14;62,900838677849;3;76
"1813";70404;2163,83;67,1195652173913;3;28
"1814";70405;2,51;58,6145648312611;3;23
"1815";70406;2365,74;68,4798807749627;3;100
"1816";70407;2,86;65,252854812398;3;26
"1817";70408;1228,07;66,3805436337625;3;14
"1818";70409;2186,99;65,5348837209302;3;80
"1819";70410;1676,56;66,056096164854;3;48
"1820";70411;2825,75;63,5862068965517;2;162
"1821";70412;1781,51;72,4400234055003;3;53
"1822";70413;2107,16;67,6891615541922;3;35
"1823";70414;2189,14;71,6417910447761;3;25
"1824";70415;1,89;69,8924731182796;3;11
"1825";70416;3128,8;63,9300134589502;2;206
"1826";70417;1643,39;70,6666666666667;3;20
"1827";70418;2,07;71,3068181818182;3;12
"1828";70419;2366,86;63,9059304703476;3;36
"1829";70420;2107,56;72,1624850657109;3;58
"1830";70501;2092,05;74,8309541697972;3;40
"1831";70502;2,65;61,9369369369369;2;20
"1832";70503;2431,76;56,7152103559871;2;49
"1833";70504;1168,61;65,9268929503916;3;14
"1834";70505;2789,3;65,224358974359;3;74
"1835";70506;2407,49;57,2413793103448;2;54
"1836";70508;2115,76;63,843137254902;2;87
"1837";70509;2931,77;68,1936041486603;3;55
"1838";70510;1238,1;73,6625514403292;3;13
"1839";70511;2356,51;50,9811046511628;2;101
"1840";70512;2879,58;57,9874213836478;2;110
"1841";70513;2994,51;54,3394481270233;2;360
"1842";70514;3578,88;54,9317147192716;2;120
"1843";70515;2129,78;56,0887512899897;3;64
"1844";70516;4,25;62,5;3;13
"1845";70517;2699,62;54,3491671807526;3;71
"1846";70518;2145,71;63,6862745098039;2;43
"1847";70519;0,21;78,0730897009967;3;1
"1848";70520;2887,28;50,0972762645914;2;52
"1849";70521;3,37;43,2258064516129;2;9
"1850";70522;2203,3;69,4888178913738;2;44
"1851";70523;1,33;83,4821428571429;3;5
"1852";70524;2659,07;76,6990291262136;3;28
"1853";70525;3089,01;65,6298600311042;3;59
"1854";70526;1722,85;71,0992907801418;3;46
"1855";70527;1170,41;71,0174029451138;3;25
"1856";70528;3394,43;63,0927835051546;3;50
"1857";70529;2613,89;69,0709046454768;3;35
"1858";70530;1348,81;74,8238609675904;3;43
"1859";70531;2878,42;48,8001654944146;2;259
"1860";70601;1,76;72,9559748427673;3;5
"1861";70602;2,34;81,4814814814815;3;5
"1862";70603;2,33;83,2929782082325;3;17
"1863";70604;1365,77;63,4048257372654;3;32
"1864";70605;1,18;60,042735042735;3;9
"1865";70606;0,17;77,9661016949153;3;1
"1866";70607;1539,86;64,4094488188976;3;17
"1867";70608;656,28;80,484693877551;3;8
"1868";70609;535,28;81,6108339272986;3;11
"1869";70610;0;82,2660098522168;3;0
"1870";70611;0,64;85,0498338870432;3;3
"1871";70612;1,76;74,5535714285714;3;7
"1872";70613;0,25;69,8275862068966;3;1
"1873";70614;2192,03;52,7490297542044;2;121
"1874";70615;904,16;73,2142857142857;3;10
"1875";70616;2864,82;65,1197604790419;3;32
"1876";70617;1120,16;70,0254022015241;3;22
"1877";70618;1,51;68,4729064039409;3;9
"1878";70619;1331,36;63,9945652173913;3;18
"1879";70620;1,88;72,0472440944882;3;17
"1880";70621;2525,83;74,0780911062907;3;44
"1881";70622;2172,23;51,061320754717;3;28
"1882";70623;1,06;74,7491638795987;3;10
"1883";70624;2,53;75,9082217973231;3;22
"1884";70625;0;72;3;0
"1885";70626;3,17;61,8892508143323;2;15
"1886";70627;0,71;59,5081967213115;3;7
"1887";70628;0,74;69,9152542372881;3;3
"1888";70629;0,35;69,0553745928339;3;2
"1889";70630;2320,27;60,1513240857503;3;61
"1890";70701;1,75;79,608938547486;3;9
"1891";70702;0,66;66,5961945031712;3;5
"1892";70703;1,59;57,9831932773109;3;6
"1893";70704;0,81;77,593984962406;3;8
"1894";70705;2496,63;74,1448692152917;3;37
"1895";70706;1,26;79,6943231441048;3;8
"1896";70707;2212,63;61,9349005424955;2;41
"1897";70708;1,99;62,9885057471264;2;14
"1898";70709;1,57;79,7142857142857;3;9
"1899";70710;0,96;84,9462365591398;3;7
"1900";70711;1,68;65,7692307692308;3;8
"1901";70712;1,29;74,9056603773585;3;12
"1902";70713;0,79;85,0632911392405;3;5
"1903";70714;3,04;54,8571428571429;3;8
"1904";70715;2,21;66,8555240793201;3;13
"1905";70716;2941,8;57,9763520062027;2;277
"1906";70717;1398,6;62,8801431127012;3;54
"1907";70718;1,87;71,5311004784689;3;13
"1908";70719;2928,42;56,4441506939855;3;81
"1909";70720;2134,65;71,3681241184767;3;26
"1910";70721;0,35;84,8101265822785;3;2
"1911";70723;0,93;72,2935779816514;3;9
"1912";70724;2,01;76,9953051643192;3;14
"1913";70725;0,85;68,7116564417178;3;2
"1914";70726;0,56;75,3623188405797;3;3
"1915";70727;2,1;66,3793103448276;3;8
"1916";70728;1339,83;72,8219696969697;3;22
"1917";70729;1,45;82,3529411764706;3;9
"1918";70731;3,16;74,6081504702194;3;16
"1919";70732;3336,18;68,2191780821918;3;39
"1920";70733;1,63;86,3157894736842;3;3
"1921";70734;1034,48;58,1011351909185;3;18
"1922";70735;4,01;73,5353535353535;3;31
"1923";70801;0,81;68,1481481481482;3;4
"1924";70802;1,98;68,2310469314079;3;8
"1925";70803;1,35;58,1560283687943;3;6
"1926";70804;1,08;68,4210526315789;3;6
"1927";70805;3974,12;59,7269624573379;2;43
"1928";70806;3,54;66,2234042553192;3;22
"1929";70807;1880,14;62,4867162592986;3;32
"1930";70808;1,08;69,4444444444444;3;7
"1931";70809;0,69;81,3953488372093;3;2
"1932";70810;1,02;57,2519083969466;3;2
"1933";70811;2,42;79,3991416309013;3;9
"1934";70812;6,45;100;3;2
"1935";70813;1,35;71,5909090909091;3;7
"1936";70814;2,99;66,3716814159292;3;12
"1937";70815;0;87,719298245614;3;0
"1938";70816;1,41;66,7300380228137;2;13
"1939";70817;2,06;72,0812182741117;3;6
"1940";70818;0;88,4615384615385;3;0
"1941";70819;3,39;70,7317073170732;3;2
"1942";70820;2574,53;58,5518102372035;2;38
"1943";70821;2,72;70,6150341685649;3;20
"1944";70822;1,06;68,6813186813187;3;3
"1945";70823;1,67;66,6666666666667;3;1
"1946";70824;1,28;73,8372093023256;3;4
"1947";70825;1,18;84,0909090909091;3;1
"1948";70826;1,63;61,8110236220472;3;15
"1949";70827;1,85;67,6136363636364;3;5
"1950";70828;2514,23;51,685393258427;2;106
"1951";70829;2,34;79,4871794871795;3;7
"1952";70830;1,96;65,5502392344498;3;7
"1953";70831;1,54;77,4285714285714;3;8
"1954";70832;2,15;70,694087403599;3;15
"1955";70833;2596,15;68,7196110210697;3;27
"1956";70834;3,37;70;3;7
"1957";70835;2,46;70,3349282296651;2;17
"1958";70836;2,41;55,8762886597938;3;23
"1959";70837;2,89;85,7142857142857;3;5
"1960";70901;895,71;67,6089517078916;3;14
"1961";70902;1502,63;67,8726483357453;3;20
"1962";70903;0,36;69,8795180722892;3;1
"1963";70904;0,81;67,4377224199288;3;7
"1964";70905;2562,84;54,3189368770764;2;52
"1965";70907;2087,29;62,3853211009174;3;44
"1966";70908;824,93;69,7852760736196;3;9
"1967";70909;1214,72;60,9504132231405;2;34
"1968";70910;1188,3;69,3739424703892;3;13
"1969";70911;0,81;61,1111111111111;3;4
"1970";70912;1,03;65,0632911392405;3;6
"1971";70913;0,27;71,7391304347826;3;1
"1972";70914;0,75;63,6363636363636;3;4
"1973";70915;1261,56;68,5074626865672;3;15
"1974";70916;91,49;79,4871794871795;3;1
"1975";70917;2592,9;45,9066564651875;2;127
"1976";70918;0,44;61,5671641791045;3;4
"1977";70920;1669,9;66,8371073776479;3;43
"1978";70921;1,42;60,6164383561644;3;13
"1979";70922;1214,57;66,1169415292354;2;15
"1980";70923;1,87;66,5461121157324;3;17
"1981";70924;0,92;63,3962264150943;3;4
"1982";70925;1851,85;64;3;20
"1983";70926;2570,8;51,5256714781655;2;256
"1984";70927;1280;71,8168812589414;2;16
"1985";70928;1954,8;60,64453125;2;32
"1986";70929;0,47;82,258064516129;3;1
"1987";70930;3,83;65,2912621359223;3;25
"1988";70931;1572,11;65,5555555555556;3;23
"1989";70932;0,3;72,972972972973;3;2
"1990";70933;3148,15;58,220502901354;3;51
"1991";70934;1298,7;73,3844468784228;3;18
"1992";70935;1632,05;55,7795698924731;2;22
"1993";70936;2619,97;53,8862353452019;2;101
"1994";70937;4497,14;59,7457627118644;3;55
"1995";70938;1395,35;71,4632174616006;3;27
"1996";70939;1987,95;53,1937172774869;2;33
"1997";70940;1963,86;56,5028901734104;2;25
"1998";70941;2,11;64,2857142857143;3;11
"1999";80101;1998,86;51,2315270935961;3;35
"2000";80102;2,04;63,1901840490798;3;5
"2001";80103;2345,06;44,7773616312942;2;224
"2002";80104;2675,16;43,8026474127557;2;42
"2003";80105;1,64;61,7328519855596;3;8
"2004";80106;2702,7;43,2937181663837;2;63
"2005";80107;1,41;60,8108108108108;3;6
"2006";80108;3371,78;44,2748091603053;3;38
"2007";80109;0,29;84,7826086956522;3;1
"2008";80110;626,68;52,7918781725888;3;7
"2009";80111;3,45;46,9387755102041;3;26
"2010";80112;1,01;58,5820895522388;3;5
"2011";80113;1923,08;71,9026548672566;3;22
"2012";80114;1,01;61,6541353383459;3;2
"2013";80115;3138,83;49,645390070922;2;78
"2014";80116;2445,47;47,4556213017751;2;111
"2015";80117;2797,96;49,3850520340587;2;104
"2016";80118;1,08;73,4643734643735;3;7
"2017";80119;4,69;50,1639344262295;3;25
"2018";80120;714,29;49,1389207807118;3;12
"2019";80121;3,08;63,7837837837838;3;9
"2020";80122;2425,78;55,952380952381;2;67
"2021";80123;0,3;56,2347188264059;3;2
"2022";80124;0,41;80,8641975308642;3;2
"2023";80125;4,93;60;2;10
"2024";80126;3750;56,390977443609;2;60
"2025";80127;2,97;64,207650273224;3;16
"2026";80128;2090,8;53,47533632287;3;35
"2027";80129;1444,94;48,9439853076217;3;29
"2028";80201;2151,43;64,7249190938511;3;52
"2029";80202;3531,3;71,036315323295;3;66
"2030";80203;1181,68;72,8070175438597;3;16
"2031";80204;2005,73;70,2737940026076;3;28
"2032";80205;1,51;65,8263305322129;3;9
"2033";80206;3,9;74,7390396659708;3;31
"2034";80207;2845,57;48,3544826163211;2;541
"2035";80208;3,41;65,8461538461538;3;16
"2036";80209;1,37;82,8947368421053;3;3
"2037";80210;1,19;71,969696969697;3;9
"2038";80211;2124,54;68,5116851168512;3;58
"2039";80212;3;79,2899408284024;3;8
"2040";80213;1933,8;48,4438430311231;2;52
"2041";80214;594,35;53,2033426183844;2;8
"2042";80215;2919;49,160621761658;2;271
"2043";80216;3246,75;65,3937947494033;3;45
"2044";80217;2427,52;55,1876379690949;2;139
"2045";80218;2779,59;54,3984220907298;2;128
"2046";80219;3,25;62,7218934911243;3;30
"2047";80220;3092,78;54,2281879194631;2;42
"2048";80221;2,6;62,0041753653445;3;21
"2049";80222;2790,7;64,0718562874251;3;30
"2050";80223;1,94;69,7142857142857;3;16
"2051";80224;2615,21;50,6916996047431;2;185
"2052";80225;3629,76;73,2857142857143;3;40
"2053";80226;3360,34;53,2265890344493;2;141
"2054";80227;1,07;64,4444444444444;3;10
"2055";80228;1142,13;69,0394511149228;3;27
"2056";80229;1,79;72,7598566308244;3;7
"2057";80230;1,13;59,5555555555556;3;5
"2058";80231;0,72;70,1986754966888;3;5
"2059";80232;3,32;72,1649484536082;3;11
"2060";80233;1,41;68,5300207039337;3;10
"2061";80234;3,45;82,9268292682927;3;5
"2062";80235;3476,12;55,5956678700361;2;99
"2063";80236;2335,77;67,9658952496955;3;32
"2064";80237;2,2;83,3333333333333;3;7
"2065";80238;1848,87;75,4137115839244;3;23
"2066";80239;0;83,5616438356164;3;0
"2067";80240;2886,53;57,3621375781694;2;174
"2068";80301;2,99;52,1525763997323;2;1,016
"2069";80302;1993,48;46,8011527377522;2;220
"2070";80303;2154,67;50,6278916060806;2;336
"2071";80401;2574,34;54,0030211480363;2;129
"2072";80402;2,61;58,2938388625592;2;8
"2073";80403;0;76,271186440678;3;0
"2074";80404;3163,76;51,1602209944751;2;732
"2075";80405;2220,7;52,0554272517321;2;97
"2076";80406;1,48;66,7692307692308;3;8
"2077";80407;3702,24;57,0564516129032;2;94
"2078";80408;2032,47;52,4523809523809;2;164
"2079";80409;3532,01;60,4245640636846;2;80
"2080";80410;2816,11;52,3758675920982;2;100
"2081";80411;1,93;64,0522875816993;3;10
"2082";80412;1335,16;50,126582278481;2;39
"2083";80413;1258,65;49,1309385863268;3;20
"2084";80414;2964,99;54,40543601359;2;249
"2085";80415;4,65;63,8036809815951;3;12
"2086";80416;2893,08;57,7804583835947;2;46
"2087";80417;4314,48;53,9579967689822;2;90
"2088";80418;2942,91;49,6975806451613;2;50
"2089";80419;2;58,7301587301587;2;12
"2090";80420;2556,08;57,2315882874889;2;49
"2091";80421;2,89;62,6229508196721;3;14
"2092";80422;3,28;66,6666666666667;3;10
"2093";80423;2292,08;56,9752281616688;2;35
"2094";80424;3667,08;57,1324599708879;3;89
"2095";90101;7521,78;52,8853754940712;1;872
"2096";90201;8,5;45,4524207011686;1;5,075
"2097";90301;7,93;47,7732346115593;1;4,417
"2098";90401;9,12;52,0905923344948;1;1,857
"2099";90501;8,72;45,8713775307662;1;2,683
"2100";90601;9,76;51,9509031034827;1;1,974
"2101";90701;11,73;53,6950510155431;1;2,402
"2102";90801;10,81;54,4444444444444;1;1,69
"2103";90901;9,83;52,5179856115108;1;2,558
"2104";91001;3,47;33,2956266306629;1;3,786
"2105";91101;3,03;32,6339093943099;1;1,822
"2106";91201;5,17;40,5350024216683;1;2,824
"2107";91301;6,84;52,6648069299662;1;2,578
"2108";91401;6,56;46,7445904173107;1;3,919
"2109";91501;7,7;43,9819053260811;1;3,002
"2110";91601;7,3;43,7425506555423;1;4,14
"2111";91701;8,46;48,85813996204;1;2,732
"2112";91801;10,34;54,1691271997165;1;3,377
"2113";91901;6,22;49,4347945960849;1;3,004
"2114";92001;5,51;37,9007701952355;1;2,515
"2115";92101;3,55;37,9260372497451;1;3,806
"2116";92201;3,9;39,6187892840997;1;5,002
"2117";92301;4,71;42,685698922103;1;3,486
